SKU_Seller,SKU_Falabella,Nombre,Atributo,Valor
030101005-T1,146924919,FLEXIBLE AGUA HE HI M10 1/2 50 CM,Tipo de paquete del seller,Con embalaje adicional
030101005-T1,146924919,FLEXIBLE AGUA HE HI M10 1/2 50 CM,Marca,Trade
030101005-T1,146924919,FLEXIBLE AGUA HE HI M10 1/2 50 CM,Código universal de producto,752853009197
030101005-T1,146924919,FLEXIBLE AGUA HE HI M10 1/2 50 CM,Condición del ítem,Nuevo
030101005-T1,146924919,FLEXIBLE AGUA HE HI M10 1/2 50 CM,Fabricante,Täumm
030101005-T1,146924919,FLEXIBLE AGUA HE HI M10 1/2 50 CM,Modelo,Flexible HE-HI M10 50cm
030101005-T1,146924919,FLEXIBLE AGUA HE HI M10 1/2 50 CM,Altura del paquete,1.8 cm
030101005-T1,146924919,FLEXIBLE AGUA HE HI M10 1/2 50 CM,Largo del paquete,10 cm
030101005-T1,146924919,FLEXIBLE AGUA HE HI M10 1/2 50 CM,Peso del paquete,100 g
030101005-T1,146924919,FLEXIBLE AGUA HE HI M10 1/2 50 CM,Ancho del paquete,14 cm
030101005-T1,146924919,FLEXIBLE AGUA HE HI M10 1/2 50 CM,Fuente del producto,Importado
030101005-T1,146924919,FLEXIBLE AGUA HE HI M10 1/2 50 CM,Características del producto,Sin vencimiento
030101005-T1,146924919,FLEXIBLE AGUA HE HI M10 1/2 50 CM,Altura del paquete del seller,17 cm
030101005-T1,146924919,FLEXIBLE AGUA HE HI M10 1/2 50 CM,Largo del paquete del seller,4 cm
030101005-T1,146924919,FLEXIBLE AGUA HE HI M10 1/2 50 CM,Peso del paquete del seller,212 g
030101005-T1,146924919,FLEXIBLE AGUA HE HI M10 1/2 50 CM,Ancho del paquete del seller,13 cm
030101005-T1,146924919,FLEXIBLE AGUA HE HI M10 1/2 50 CM,SKU,030101005-T
030101005-T1,146924919,FLEXIBLE AGUA HE HI M10 1/2 50 CM,Embalaje del envío,Bolsa
030101005-T1,146924919,FLEXIBLE AGUA HE HI M10 1/2 50 CM,Garantía,Garantía legal 6 meses
030101005-T1,146924919,FLEXIBLE AGUA HE HI M10 1/2 50 CM,País de origen,China
030101005-T1,146924919,FLEXIBLE AGUA HE HI M10 1/2 50 CM,Material,"Malla de acero inoxidable 304, tubo interior PVC"
030101005-T1,146924919,FLEXIBLE AGUA HE HI M10 1/2 50 CM,Color,Plateado
030101005-T1,146924919,FLEXIBLE AGUA HE HI M10 1/2 50 CM,_ML_item,MLC640461008
030101005-T1,146924919,FLEXIBLE AGUA HE HI M10 1/2 50 CM,_ML_permalink,https://articulo.mercadolibre.cl/MLC-640461008-flexible-agua-he-hi-m10-largo-x1-x-12-50-cm-_JM
030101005-T1,146924919,FLEXIBLE AGUA HE HI M10 1/2 50 CM,Dimensiones,"Largo: 50 cm (conexión M10 x 1/2"")"
040501005-T1,143573861,Flexible Llave Profesional,Es gourmet,No
040501005-T1,143573861,Flexible Llave Profesional,Es mezclador,Sí
040501005-T1,143573861,Flexible Llave Profesional,Marca,Trade
040501005-T1,143573861,Flexible Llave Profesional,Color,Plateado
040501005-T1,143573861,Flexible Llave Profesional,Acabado,Brillante
040501005-T1,143573861,Flexible Llave Profesional,Código universal de producto,0123585319845
040501005-T1,143573861,Flexible Llave Profesional,Altura,10 cm
040501005-T1,143573861,Flexible Llave Profesional,Incluye soporte,No
040501005-T1,143573861,Flexible Llave Profesional,Tipo de instalación,Ducha
040501005-T1,143573861,Flexible Llave Profesional,Es fija,No
040501005-T1,143573861,Flexible Llave Profesional,Condición del ítem,Nuevo
040501005-T1,143573861,Flexible Llave Profesional,Línea,Manguera de ducha
040501005-T1,143573861,Flexible Llave Profesional,Color principal,Plateado
040501005-T1,143573861,Flexible Llave Profesional,Material,Acero inoxidable
040501005-T1,143573861,Flexible Llave Profesional,Modelo,Profesional
040501005-T1,143573861,Flexible Llave Profesional,Orígen del dato del paquete de fábrica,SELLER
040501005-T1,143573861,Flexible Llave Profesional,Fuente del producto,Importado
040501005-T1,143573861,Flexible Llave Profesional,Altura del paquete del seller,10 cm
040501005-T1,143573861,Flexible Llave Profesional,Largo del paquete del seller,5 cm
040501005-T1,143573861,Flexible Llave Profesional,Peso del paquete del seller,1000 g
040501005-T1,143573861,Flexible Llave Profesional,Ancho del paquete del seller,5 cm
040501005-T1,143573861,Flexible Llave Profesional,SKU,040501005-T
040501005-T1,143573861,Flexible Llave Profesional,Forma,Manguera flexible
040501005-T1,143573861,Flexible Llave Profesional,syi pymes id,ffad78db-78f7-49f7-84a1-874196057c0e
040501005-T1,143573861,Flexible Llave Profesional,Ancho,5 cm
040501005-T1,143573861,Flexible Llave Profesional,Con manguera flexible,Sí
040501005-T1,143573861,Flexible Llave Profesional,Garantía,Garantía legal 6 meses
040501005-T1,143573861,Flexible Llave Profesional,País de origen,China
040501005-T1,143573861,Flexible Llave Profesional,_ML_item,MLC1863780571
040501005-T1,143573861,Flexible Llave Profesional,_ML_permalink,https://articulo.mercadolibre.cl/MLC-1863780571-flexible-llave-profesional-de-alta-calidad-plateado-brillante-_JM
010301011-T1,146702739,VALVULA DESCARGA DUAL FLUSH ESTANQUE TRADICIONAL,Diámetro,62 mm
010301011-T1,146702739,VALVULA DESCARGA DUAL FLUSH ESTANQUE TRADICIONAL,Marca,Trade
010301011-T1,146702739,VALVULA DESCARGA DUAL FLUSH ESTANQUE TRADICIONAL,Color,Plateado
010301011-T1,146702739,VALVULA DESCARGA DUAL FLUSH ESTANQUE TRADICIONAL,Código universal de producto,752853009036
010301011-T1,146702739,VALVULA DESCARGA DUAL FLUSH ESTANQUE TRADICIONAL,Incluye tecla de descarga,Sí
010301011-T1,146702739,VALVULA DESCARGA DUAL FLUSH ESTANQUE TRADICIONAL,Condición del ítem,Nuevo
010301011-T1,146702739,VALVULA DESCARGA DUAL FLUSH ESTANQUE TRADICIONAL,Línea,Válvula de Descarga Dual Flush
010301011-T1,146702739,VALVULA DESCARGA DUAL FLUSH ESTANQUE TRADICIONAL,Materiales,ABS
010301011-T1,146702739,VALVULA DESCARGA DUAL FLUSH ESTANQUE TRADICIONAL,Modelo,Válvula de Descarga Dual Flush para Estanque Tradi
010301011-T1,146702739,VALVULA DESCARGA DUAL FLUSH ESTANQUE TRADICIONAL,Altura del paquete,9.4 cm
010301011-T1,146702739,VALVULA DESCARGA DUAL FLUSH ESTANQUE TRADICIONAL,Largo del paquete,29.6 cm
010301011-T1,146702739,VALVULA DESCARGA DUAL FLUSH ESTANQUE TRADICIONAL,Peso del paquete,460 g
010301011-T1,146702739,VALVULA DESCARGA DUAL FLUSH ESTANQUE TRADICIONAL,Ancho del paquete,13 cm
010301011-T1,146702739,VALVULA DESCARGA DUAL FLUSH ESTANQUE TRADICIONAL,Fuente del producto,Importado
010301011-T1,146702739,VALVULA DESCARGA DUAL FLUSH ESTANQUE TRADICIONAL,Características del producto,Sin vencimiento
010301011-T1,146702739,VALVULA DESCARGA DUAL FLUSH ESTANQUE TRADICIONAL,SKU,010301011-T
010301011-T1,146702739,VALVULA DESCARGA DUAL FLUSH ESTANQUE TRADICIONAL,Embalaje del envío,Bolsa
010301011-T1,146702739,VALVULA DESCARGA DUAL FLUSH ESTANQUE TRADICIONAL,Sistema de la válvula,Manual
010301011-T1,146702739,VALVULA DESCARGA DUAL FLUSH ESTANQUE TRADICIONAL,Garantía,Garantía legal 6 meses
010301011-T1,146702739,VALVULA DESCARGA DUAL FLUSH ESTANQUE TRADICIONAL,País de origen,China
010301011-T1,146702739,VALVULA DESCARGA DUAL FLUSH ESTANQUE TRADICIONAL,_ML_item,MLC971224885
010301011-T1,146702739,VALVULA DESCARGA DUAL FLUSH ESTANQUE TRADICIONAL,_ML_permalink,https://articulo.mercadolibre.cl/MLC-971224885-valvula-de-descarga-dual-flush-para-estanque-tradicional-_JM
010301010-T1,146699566,VALVULA CARGA WC FLOTADOR,Marca,Trade
010301010-T1,146699566,VALVULA CARGA WC FLOTADOR,Color,Plateado
010301010-T1,146699566,VALVULA CARGA WC FLOTADOR,Código universal de producto,8968398385500
010301010-T1,146699566,VALVULA CARGA WC FLOTADOR,Incluye tecla de descarga,No
010301010-T1,146699566,VALVULA CARGA WC FLOTADOR,Condición del ítem,Nuevo
010301010-T1,146699566,VALVULA CARGA WC FLOTADOR,Materiales,Acero inoxidable
010301010-T1,146699566,VALVULA CARGA WC FLOTADOR,Modelo,Taumm
010301010-T1,146699566,VALVULA CARGA WC FLOTADOR,Orígen del dato del paquete de fábrica,SELLER
010301010-T1,146699566,VALVULA CARGA WC FLOTADOR,Altura del paquete,32 cm
010301010-T1,146699566,VALVULA CARGA WC FLOTADOR,Largo del paquete,8 cm
010301010-T1,146699566,VALVULA CARGA WC FLOTADOR,Peso del paquete,200 g
010301010-T1,146699566,VALVULA CARGA WC FLOTADOR,Ancho del paquete,13 cm
010301010-T1,146699566,VALVULA CARGA WC FLOTADOR,Fuente del producto,Importado
010301010-T1,146699566,VALVULA CARGA WC FLOTADOR,Altura del paquete del seller,33 cm
010301010-T1,146699566,VALVULA CARGA WC FLOTADOR,Largo del paquete del seller,9 cm
010301010-T1,146699566,VALVULA CARGA WC FLOTADOR,Peso del paquete del seller,266 g
010301010-T1,146699566,VALVULA CARGA WC FLOTADOR,Ancho del paquete del seller,14 cm
010301010-T1,146699566,VALVULA CARGA WC FLOTADOR,SKU,010301010-T
010301010-T1,146699566,VALVULA CARGA WC FLOTADOR,syi pymes id,1c1c20b7-0a71-4895-bf5f-b208b9d7c055
010301010-T1,146699566,VALVULA CARGA WC FLOTADOR,Sistema de la válvula,Botón simple
010301010-T1,146699566,VALVULA CARGA WC FLOTADOR,Peso de la válvula,230 g
010301010-T1,146699566,VALVULA CARGA WC FLOTADOR,Garantía,Garantía legal 6 meses
010301010-T1,146699566,VALVULA CARGA WC FLOTADOR,País de origen,China
010301010-T1,146699566,VALVULA CARGA WC FLOTADOR,_ML_item,MLC3585590706
010301010-T1,146699566,VALVULA CARGA WC FLOTADOR,_ML_permalink,https://articulo.mercadolibre.cl/MLC-3585590706-valvula-de-carga-para-estanque-wc-con-flotador-_JM
040302001-T1,146959317,VALVULA DESCARGA TEMPORIZADA URINARIO,Tipo de paquete del seller,Con embalaje adicional
040302001-T1,146959317,VALVULA DESCARGA TEMPORIZADA URINARIO,Marca,Trade
040302001-T1,146959317,VALVULA DESCARGA TEMPORIZADA URINARIO,Código universal de producto,752853005557
040302001-T1,146959317,VALVULA DESCARGA TEMPORIZADA URINARIO,Condición del ítem,Nuevo
040302001-T1,146959317,VALVULA DESCARGA TEMPORIZADA URINARIO,Fabricante,Täumm
040302001-T1,146959317,VALVULA DESCARGA TEMPORIZADA URINARIO,Modelo,Llave Temporizada Urinario sin Válvula de Corte
040302001-T1,146959317,VALVULA DESCARGA TEMPORIZADA URINARIO,Altura del paquete,5.8 cm
040302001-T1,146959317,VALVULA DESCARGA TEMPORIZADA URINARIO,Largo del paquete,11 cm
040302001-T1,146959317,VALVULA DESCARGA TEMPORIZADA URINARIO,Peso del paquete,480 g
040302001-T1,146959317,VALVULA DESCARGA TEMPORIZADA URINARIO,Ancho del paquete,18.2 cm
040302001-T1,146959317,VALVULA DESCARGA TEMPORIZADA URINARIO,Fuente del producto,Importado
040302001-T1,146959317,VALVULA DESCARGA TEMPORIZADA URINARIO,Características del producto,Sin vencimiento
040302001-T1,146959317,VALVULA DESCARGA TEMPORIZADA URINARIO,Altura del paquete del seller,21 cm
040302001-T1,146959317,VALVULA DESCARGA TEMPORIZADA URINARIO,Largo del paquete del seller,8 cm
040302001-T1,146959317,VALVULA DESCARGA TEMPORIZADA URINARIO,Peso del paquete del seller,592 g
040302001-T1,146959317,VALVULA DESCARGA TEMPORIZADA URINARIO,Ancho del paquete del seller,14 cm
040302001-T1,146959317,VALVULA DESCARGA TEMPORIZADA URINARIO,SKU,040302001-T
040302001-T1,146959317,VALVULA DESCARGA TEMPORIZADA URINARIO,Embalaje del envío,Bolsa
040302001-T1,146959317,VALVULA DESCARGA TEMPORIZADA URINARIO,Garantía,Garantía legal 6 meses
040302001-T1,146959317,VALVULA DESCARGA TEMPORIZADA URINARIO,País de origen,China
040302001-T1,146959317,VALVULA DESCARGA TEMPORIZADA URINARIO,Material,Latón normalizado cromado
040302001-T1,146959317,VALVULA DESCARGA TEMPORIZADA URINARIO,Color,Cromado
040302001-T1,146959317,VALVULA DESCARGA TEMPORIZADA URINARIO,_ML_item,MLC581815554
040302001-T1,146959317,VALVULA DESCARGA TEMPORIZADA URINARIO,_ML_permalink,https://articulo.mercadolibre.cl/MLC-581815554-llave-temporizada-para-urinario-sin-valvula-de-corte-_JM
010701001-T1,143104744,Dispensador de Palanca,Marca,Trade
010701001-T1,143104744,Dispensador de Palanca,Color,Blanco
010701001-T1,143104744,Dispensador de Palanca,Código universal de producto,5361471884205
010701001-T1,143104744,Dispensador de Palanca,Condición del ítem,Nuevo
010701001-T1,143104744,Dispensador de Palanca,Material,Acero inoxidable
010701001-T1,143104744,Dispensador de Palanca,Modelo,Dispensador de papel
010701001-T1,143104744,Dispensador de Palanca,Orígen del dato del paquete de fábrica,SELLER
010701001-T1,143104744,Dispensador de Palanca,Fuente del producto,Importado
010701001-T1,143104744,Dispensador de Palanca,Altura del paquete del seller,34 cm
010701001-T1,143104744,Dispensador de Palanca,Largo del paquete del seller,24 cm
010701001-T1,143104744,Dispensador de Palanca,Peso del paquete del seller,1000 g
010701001-T1,143104744,Dispensador de Palanca,Ancho del paquete del seller,24 cm
010701001-T1,143104744,Dispensador de Palanca,SKU,010701001-T
010701001-T1,143104744,Dispensador de Palanca,syi pymes id,97e54f13-4bee-444e-bf79-0abdabd0354d
010701001-T1,143104744,Dispensador de Palanca,Tipo de sistema,Palanca
010701001-T1,143104744,Dispensador de Palanca,Con traba de seguridad,No
010701001-T1,143104744,Dispensador de Palanca,Garantía,Garantía legal 6 meses
010701001-T1,143104744,Dispensador de Palanca,País de origen,China
010701001-T1,143104744,Dispensador de Palanca,Tipo de instalación,Mural
010701001-T1,143104744,Dispensador de Palanca,Dimensiones,Aprox. 34 x 24 x 24 cm (alto x ancho x prof.)
010701001-T1,143104744,Dispensador de Palanca,_ML_item,MLC3737634180
010701001-T1,143104744,Dispensador de Palanca,_ML_permalink,https://articulo.mercadolibre.cl/MLC-3737634180-dispensador-de-papel-palanca-practico-blanco-_JM
010403001-T1,146236900,SIFON URINARIO 1 1/4 METALICO,Fabricante,Täumm
010403001-T1,146236900,SIFON URINARIO 1 1/4 METALICO,Marca,Trade
010403001-T1,146236900,SIFON URINARIO 1 1/4 METALICO,Color,Plateado
010403001-T1,146236900,SIFON URINARIO 1 1/4 METALICO,Acabado,Cromado
010403001-T1,146236900,SIFON URINARIO 1 1/4 METALICO,Código universal de producto,752853001672
010403001-T1,146236900,SIFON URINARIO 1 1/4 METALICO,Altura,4.6 cm
010403001-T1,146236900,SIFON URINARIO 1 1/4 METALICO,Diámetro de entradas,1/4
010403001-T1,146236900,SIFON URINARIO 1 1/4 METALICO,Condición del ítem,Nuevo
010403001-T1,146236900,SIFON URINARIO 1 1/4 METALICO,Línea,Sifón Metálico
010403001-T1,146236900,SIFON URINARIO 1 1/4 METALICO,Material,Metálico
010403001-T1,146236900,SIFON URINARIO 1 1/4 METALICO,Materiales,Cromado
010403001-T1,146236900,SIFON URINARIO 1 1/4 METALICO,Modelo,Sifón Metálico Botella Cromado Urinario 1 1/4 Tubo
010403001-T1,146236900,SIFON URINARIO 1 1/4 METALICO,Diámetro de salidas,1/4
010403001-T1,146236900,SIFON URINARIO 1 1/4 METALICO,Altura del paquete,4.6 cm
010403001-T1,146236900,SIFON URINARIO 1 1/4 METALICO,Largo del paquete,10.8 cm
010403001-T1,146236900,SIFON URINARIO 1 1/4 METALICO,Peso del paquete,460 g
010403001-T1,146236900,SIFON URINARIO 1 1/4 METALICO,Ancho del paquete,25.4 cm
010403001-T1,146236900,SIFON URINARIO 1 1/4 METALICO,Fuente del producto,Importado
010403001-T1,146236900,SIFON URINARIO 1 1/4 METALICO,Características del producto,Sin vencimiento
010403001-T1,146236900,SIFON URINARIO 1 1/4 METALICO,SKU,010403001-T
010403001-T1,146236900,SIFON URINARIO 1 1/4 METALICO,Embalaje del envío,Bolsa
010403001-T1,146236900,SIFON URINARIO 1 1/4 METALICO,Ancho,25.4 cm
010403001-T1,146236900,SIFON URINARIO 1 1/4 METALICO,Garantía,Garantía legal 6 meses
010403001-T1,146236900,SIFON URINARIO 1 1/4 METALICO,País de origen,China
010403001-T1,146236900,SIFON URINARIO 1 1/4 METALICO,_ML_item,MLC914266449
010403001-T1,146236900,SIFON URINARIO 1 1/4 METALICO,_ML_permalink,https://articulo.mercadolibre.cl/MLC-914266449-sifon-metalico-botella-cromado-urinario-1-14-tubo-20-cm-plateado-_JM
010205001-T1,146697576,SIFON LAVATORIO 1 1/4 CODO PLASTICO,Fabricante,Täumm
010205001-T1,146697576,SIFON LAVATORIO 1 1/4 CODO PLASTICO,Marca,Trade
010205001-T1,146697576,SIFON LAVATORIO 1 1/4 CODO PLASTICO,Color,Blanco
010205001-T1,146697576,SIFON LAVATORIO 1 1/4 CODO PLASTICO,Forma,Codo
010205001-T1,146697576,SIFON LAVATORIO 1 1/4 CODO PLASTICO,Código universal de producto,752853011497
010205001-T1,146697576,SIFON LAVATORIO 1 1/4 CODO PLASTICO,Altura,6.2 cm
010205001-T1,146697576,SIFON LAVATORIO 1 1/4 CODO PLASTICO,Diámetro de entradas,1/4
010205001-T1,146697576,SIFON LAVATORIO 1 1/4 CODO PLASTICO,Condición del ítem,Nuevo
010205001-T1,146697576,SIFON LAVATORIO 1 1/4 CODO PLASTICO,Material,Plástico
010205001-T1,146697576,SIFON LAVATORIO 1 1/4 CODO PLASTICO,Materiales,Acero inoxidable
010205001-T1,146697576,SIFON LAVATORIO 1 1/4 CODO PLASTICO,Modelo,Sifón Plástico Lavatorio
010205001-T1,146697576,SIFON LAVATORIO 1 1/4 CODO PLASTICO,Diámetro de salidas,1/4
010205001-T1,146697576,SIFON LAVATORIO 1 1/4 CODO PLASTICO,Altura del paquete,6.2 cm
010205001-T1,146697576,SIFON LAVATORIO 1 1/4 CODO PLASTICO,Largo del paquete,20.4 cm
010205001-T1,146697576,SIFON LAVATORIO 1 1/4 CODO PLASTICO,Peso del paquete,140 g
010205001-T1,146697576,SIFON LAVATORIO 1 1/4 CODO PLASTICO,Ancho del paquete,12.4 cm
010205001-T1,146697576,SIFON LAVATORIO 1 1/4 CODO PLASTICO,Fuente del producto,Importado
010205001-T1,146697576,SIFON LAVATORIO 1 1/4 CODO PLASTICO,Características del producto,Sin vencimiento
010205001-T1,146697576,SIFON LAVATORIO 1 1/4 CODO PLASTICO,SKU,010205001-T
010205001-T1,146697576,SIFON LAVATORIO 1 1/4 CODO PLASTICO,Embalaje del envío,Bolsa
010205001-T1,146697576,SIFON LAVATORIO 1 1/4 CODO PLASTICO,Ancho,12.4 cm
010205001-T1,146697576,SIFON LAVATORIO 1 1/4 CODO PLASTICO,Garantía,Garantía legal 6 meses
010205001-T1,146697576,SIFON LAVATORIO 1 1/4 CODO PLASTICO,País de origen,China
010205001-T1,146697576,SIFON LAVATORIO 1 1/4 CODO PLASTICO,_ML_item,MLC580281577
010205001-T1,146697576,SIFON LAVATORIO 1 1/4 CODO PLASTICO,_ML_permalink,https://articulo.mercadolibre.cl/MLC-580281577-sifon-plastico-con-codo-salida-1-14-lavatorio-blanco-_JM
020102001-T1,143564418,Lavaplatos Sobreponer 80x50 Inoxidable Derecho,Accesorios incluidos,Desagüe
020102001-T1,143564418,Lavaplatos Sobreponer 80x50 Inoxidable Derecho,Marca,Trade
020102001-T1,143564418,Lavaplatos Sobreponer 80x50 Inoxidable Derecho,Color,Plateado
020102001-T1,143564418,Lavaplatos Sobreponer 80x50 Inoxidable Derecho,Profundidad,15 cm
020102001-T1,143564418,Lavaplatos Sobreponer 80x50 Inoxidable Derecho,Modelo detallado,198502503
020102001-T1,143564418,Lavaplatos Sobreponer 80x50 Inoxidable Derecho,Cantidad de agujeros para grifería,1
020102001-T1,143564418,Lavaplatos Sobreponer 80x50 Inoxidable Derecho,Acabado,Pulido fino
020102001-T1,143564418,Lavaplatos Sobreponer 80x50 Inoxidable Derecho,Código universal de producto,752853007797
020102001-T1,143564418,Lavaplatos Sobreponer 80x50 Inoxidable Derecho,Incluye grifería,Sí
020102001-T1,143564418,Lavaplatos Sobreponer 80x50 Inoxidable Derecho,Tipos de instalación,Sobrepuesta
020102001-T1,143564418,Lavaplatos Sobreponer 80x50 Inoxidable Derecho,Condición del ítem,Nuevo
020102001-T1,143564418,Lavaplatos Sobreponer 80x50 Inoxidable Derecho,Tipo de lavaplato,Simple
020102001-T1,143564418,Lavaplatos Sobreponer 80x50 Inoxidable Derecho,Largo,80 cm
020102001-T1,143564418,Lavaplatos Sobreponer 80x50 Inoxidable Derecho,Color principal,Plateado
020102001-T1,143564418,Lavaplatos Sobreponer 80x50 Inoxidable Derecho,Fabricante,Täumm
020102001-T1,143564418,Lavaplatos Sobreponer 80x50 Inoxidable Derecho,Material,Acero inoxidable
020102001-T1,143564418,Lavaplatos Sobreponer 80x50 Inoxidable Derecho,Modelo,80x50 Derecho
020102001-T1,143564418,Lavaplatos Sobreponer 80x50 Inoxidable Derecho,Altura del paquete del seller,84 cm
020102001-T1,143564418,Lavaplatos Sobreponer 80x50 Inoxidable Derecho,Largo del paquete del seller,17 cm
020102001-T1,143564418,Lavaplatos Sobreponer 80x50 Inoxidable Derecho,Peso del paquete del seller,3200 g
020102001-T1,143564418,Lavaplatos Sobreponer 80x50 Inoxidable Derecho,Ancho del paquete del seller,51 cm
020102001-T1,143564418,Lavaplatos Sobreponer 80x50 Inoxidable Derecho,SKU,020102001-T
020102001-T1,143564418,Lavaplatos Sobreponer 80x50 Inoxidable Derecho,Forma,Rectangular
020102001-T1,143564418,Lavaplatos Sobreponer 80x50 Inoxidable Derecho,Espesor,5 mm
020102001-T1,143564418,Lavaplatos Sobreponer 80x50 Inoxidable Derecho,Ancho,50 cm
020102001-T1,143564418,Lavaplatos Sobreponer 80x50 Inoxidable Derecho,Con dosificador de detergente,No
020102001-T1,143564418,Lavaplatos Sobreponer 80x50 Inoxidable Derecho,Con agujero para dosificador de detergente,No
020102001-T1,143564418,Lavaplatos Sobreponer 80x50 Inoxidable Derecho,Garantía,Garantía legal 6 meses
020102001-T1,143564418,Lavaplatos Sobreponer 80x50 Inoxidable Derecho,País de origen,China
020102001-T1,143564418,Lavaplatos Sobreponer 80x50 Inoxidable Derecho,_ML_item,MLC1296364722
020102001-T1,143564418,Lavaplatos Sobreponer 80x50 Inoxidable Derecho,_ML_permalink,https://articulo.mercadolibre.cl/MLC-1296364722-lavaplatos-sobreponer-simple-80x50-inoxidable-derecho-color-plateado-_JM
020101006-T1,143986699,Lavaplatos Empotrado Ancho 80x50x22 Cm Hannover,Accesorios incluidos,Desagüe
020101006-T1,143986699,Lavaplatos Empotrado Ancho 80x50x22 Cm Hannover,Marca,Trade
020101006-T1,143986699,Lavaplatos Empotrado Ancho 80x50x22 Cm Hannover,Color,Plateado
020101006-T1,143986699,Lavaplatos Empotrado Ancho 80x50x22 Cm Hannover,Profundidad,22 cm
020101006-T1,143986699,Lavaplatos Empotrado Ancho 80x50x22 Cm Hannover,Código universal de producto,0570333401800
020101006-T1,143986699,Lavaplatos Empotrado Ancho 80x50x22 Cm Hannover,Incluye grifería,No
020101006-T1,143986699,Lavaplatos Empotrado Ancho 80x50x22 Cm Hannover,Tipos de instalación,Empotrable
020101006-T1,143986699,Lavaplatos Empotrado Ancho 80x50x22 Cm Hannover,Condición del ítem,Nuevo
020101006-T1,143986699,Lavaplatos Empotrado Ancho 80x50x22 Cm Hannover,Tipo de lavaplato,Simple Empotrable
020101006-T1,143986699,Lavaplatos Empotrado Ancho 80x50x22 Cm Hannover,Largo,80 cm
020101006-T1,143986699,Lavaplatos Empotrado Ancho 80x50x22 Cm Hannover,Color principal,Plateado
020101006-T1,143986699,Lavaplatos Empotrado Ancho 80x50x22 Cm Hannover,Modelo,Hannover
020101006-T1,143986699,Lavaplatos Empotrado Ancho 80x50x22 Cm Hannover,Orígen del dato del paquete de fábrica,SELLER
020101006-T1,143986699,Lavaplatos Empotrado Ancho 80x50x22 Cm Hannover,Altura del paquete del seller,50 cm
020101006-T1,143986699,Lavaplatos Empotrado Ancho 80x50x22 Cm Hannover,Largo del paquete del seller,22 cm
020101006-T1,143986699,Lavaplatos Empotrado Ancho 80x50x22 Cm Hannover,Peso del paquete del seller,3000 g
020101006-T1,143986699,Lavaplatos Empotrado Ancho 80x50x22 Cm Hannover,Ancho del paquete del seller,80 cm
020101006-T1,143986699,Lavaplatos Empotrado Ancho 80x50x22 Cm Hannover,SKU,020101006-T
020101006-T1,143986699,Lavaplatos Empotrado Ancho 80x50x22 Cm Hannover,Forma,Rectangular
020101006-T1,143986699,Lavaplatos Empotrado Ancho 80x50x22 Cm Hannover,syi pymes id,2f7817e3-e0a2-4618-94a9-735130d1f17a
020101006-T1,143986699,Lavaplatos Empotrado Ancho 80x50x22 Cm Hannover,Ancho,50 cm
020101006-T1,143986699,Lavaplatos Empotrado Ancho 80x50x22 Cm Hannover,Con dosificador de detergente,No
020101006-T1,143986699,Lavaplatos Empotrado Ancho 80x50x22 Cm Hannover,Con agujero para dosificador de detergente,No
020101006-T1,143986699,Lavaplatos Empotrado Ancho 80x50x22 Cm Hannover,Garantía,Garantía legal 6 meses
020101006-T1,143986699,Lavaplatos Empotrado Ancho 80x50x22 Cm Hannover,País de origen,China
020101006-T1,143986699,Lavaplatos Empotrado Ancho 80x50x22 Cm Hannover,Material,Acero inoxidable
020101006-T1,143986699,Lavaplatos Empotrado Ancho 80x50x22 Cm Hannover,_ML_item,MLC3742137336
020101006-T1,143986699,Lavaplatos Empotrado Ancho 80x50x22 Cm Hannover,_ML_permalink,https://articulo.mercadolibre.cl/MLC-3742137336-lavaplatos-simple-empotrable-80x50x22-cm-hannover-plateado-_JM
040202006-T1,143984852,Monomando Lavatorio Domenica,Tipo de paquete del seller,Con embalaje adicional
040202006-T1,143984852,Monomando Lavatorio Domenica,Marca,Trade
040202006-T1,143984852,Monomando Lavatorio Domenica,Código universal de producto,7528530090986
040202006-T1,143984852,Monomando Lavatorio Domenica,Condición del ítem,Nuevo
040202006-T1,143984852,Monomando Lavatorio Domenica,Fabricante,Täumm
040202006-T1,143984852,Monomando Lavatorio Domenica,Modelo,Llave Monomando Lavatorio Domenica
040202006-T1,143984852,Monomando Lavatorio Domenica,Altura del paquete,5.4 cm
040202006-T1,143984852,Monomando Lavatorio Domenica,Largo del paquete,13.4 cm
040202006-T1,143984852,Monomando Lavatorio Domenica,Peso del paquete,860 g
040202006-T1,143984852,Monomando Lavatorio Domenica,Ancho del paquete,21.6 cm
040202006-T1,143984852,Monomando Lavatorio Domenica,Fuente del producto,Importado
040202006-T1,143984852,Monomando Lavatorio Domenica,Características del producto,Sin vencimiento
040202006-T1,143984852,Monomando Lavatorio Domenica,Altura del paquete del seller,23 cm
040202006-T1,143984852,Monomando Lavatorio Domenica,Largo del paquete del seller,6 cm
040202006-T1,143984852,Monomando Lavatorio Domenica,Peso del paquete del seller,972 g
040202006-T1,143984852,Monomando Lavatorio Domenica,Ancho del paquete del seller,15 cm
040202006-T1,143984852,Monomando Lavatorio Domenica,SKU,040202006-T
040202006-T1,143984852,Monomando Lavatorio Domenica,Embalaje del envío,Bolsa
040202006-T1,143984852,Monomando Lavatorio Domenica,Garantía,Garantía legal 6 meses
040202006-T1,143984852,Monomando Lavatorio Domenica,País de origen,China
040202006-T1,143984852,Monomando Lavatorio Domenica,Material,Zamak cromado
040202006-T1,143984852,Monomando Lavatorio Domenica,Color,Cromado
040202006-T1,143984852,Monomando Lavatorio Domenica,Tipo de instalación,Sobre cubierta
040202006-T1,143984852,Monomando Lavatorio Domenica,_ML_item,MLC582064260
040202006-T1,143984852,Monomando Lavatorio Domenica,_ML_permalink,https://articulo.mercadolibre.cl/MLC-582064260-llave-monomando-lavatorio-lavamanos-domenica-_JM
020301002-T1,146236971,LLAVE LAVADERO LAVADORA DOBLE 34,Color,Plateado
020301002-T1,146236971,LLAVE LAVADERO LAVADORA DOBLE 34,Tipo de control de la canilla,Monocomando
020301002-T1,146236971,LLAVE LAVADERO LAVADORA DOBLE 34,Acabado,Brillante
020301002-T1,146236971,LLAVE LAVADERO LAVADORA DOBLE 34,Cantidad de agujeros,2
020301002-T1,146236971,LLAVE LAVADERO LAVADORA DOBLE 34,Es mezclador,No
020301002-T1,146236971,LLAVE LAVADERO LAVADORA DOBLE 34,Línea,Metal
020301002-T1,146236971,LLAVE LAVADERO LAVADORA DOBLE 34,Materiales,Metal
020301002-T1,146236971,LLAVE LAVADERO LAVADORA DOBLE 34,Tipo de paquete del seller,Con embalaje adicional
020301002-T1,146236971,LLAVE LAVADERO LAVADORA DOBLE 34,Marca,Trade
020301002-T1,146236971,LLAVE LAVADERO LAVADORA DOBLE 34,Código universal de producto,7528530035840
020301002-T1,146236971,LLAVE LAVADERO LAVADORA DOBLE 34,Es kit,No
020301002-T1,146236971,LLAVE LAVADERO LAVADORA DOBLE 34,Condición del ítem,Nuevo
020301002-T1,146236971,LLAVE LAVADERO LAVADORA DOBLE 34,Fabricante,Täumm
020301002-T1,146236971,LLAVE LAVADERO LAVADORA DOBLE 34,Modelo,Llave doble 3/4
020301002-T1,146236971,LLAVE LAVADERO LAVADORA DOBLE 34,Altura del paquete,4.6 cm
020301002-T1,146236971,LLAVE LAVADERO LAVADORA DOBLE 34,Largo del paquete,16.2 cm
020301002-T1,146236971,LLAVE LAVADERO LAVADORA DOBLE 34,Peso del paquete,380 g
020301002-T1,146236971,LLAVE LAVADERO LAVADORA DOBLE 34,Ancho del paquete,17.4 cm
020301002-T1,146236971,LLAVE LAVADERO LAVADORA DOBLE 34,Fuente del producto,Importado
020301002-T1,146236971,LLAVE LAVADERO LAVADORA DOBLE 34,Características del producto,Sin vencimiento
020301002-T1,146236971,LLAVE LAVADERO LAVADORA DOBLE 34,Altura del paquete del seller,20 cm
020301002-T1,146236971,LLAVE LAVADERO LAVADORA DOBLE 34,Largo del paquete del seller,7 cm
020301002-T1,146236971,LLAVE LAVADERO LAVADORA DOBLE 34,Peso del paquete del seller,492 g
020301002-T1,146236971,LLAVE LAVADERO LAVADORA DOBLE 34,Ancho del paquete del seller,20 cm
020301002-T1,146236971,LLAVE LAVADERO LAVADORA DOBLE 34,SKU,020301002-T
020301002-T1,146236971,LLAVE LAVADERO LAVADORA DOBLE 34,Embalaje del envío,Bolsa
020301002-T1,146236971,LLAVE LAVADERO LAVADORA DOBLE 34,Garantía,Garantía legal 6 meses
020301002-T1,146236971,LLAVE LAVADERO LAVADORA DOBLE 34,País de origen,China
020301002-T1,146236971,LLAVE LAVADERO LAVADORA DOBLE 34,Tipo de instalación,Mural
020301002-T1,146236971,LLAVE LAVADERO LAVADORA DOBLE 34,_ML_item,MLC554361663
020301002-T1,146236971,LLAVE LAVADERO LAVADORA DOBLE 34,_ML_permalink,https://articulo.mercadolibre.cl/MLC-554361663-llave-doble-para-lavadora-lavadero-jardin-2-salidas-de-34-_JM
040202008-T1,143984268,Monomando Lavatorio Modern,Marca,Trade
040202008-T1,143984268,Monomando Lavatorio Modern,Color,Plateado
040202008-T1,143984268,Monomando Lavatorio Modern,Acabado,Cromado
040202008-T1,143984268,Monomando Lavatorio Modern,Código universal de producto,5880688936632
040202008-T1,143984268,Monomando Lavatorio Modern,Condición del ítem,Nuevo
040202008-T1,143984268,Monomando Lavatorio Modern,Línea,Modern
040202008-T1,143984268,Monomando Lavatorio Modern,Materiales,Cromado
040202008-T1,143984268,Monomando Lavatorio Modern,Modelo,Lavatorio  Modern
040202008-T1,143984268,Monomando Lavatorio Modern,Orígen del dato del paquete de fábrica,SELLER
040202008-T1,143984268,Monomando Lavatorio Modern,Altura del paquete,18 cm
040202008-T1,143984268,Monomando Lavatorio Modern,Largo del paquete,6 cm
040202008-T1,143984268,Monomando Lavatorio Modern,Peso del paquete,1000 g
040202008-T1,143984268,Monomando Lavatorio Modern,Ancho del paquete,33 cm
040202008-T1,143984268,Monomando Lavatorio Modern,Fuente del producto,Importado
040202008-T1,143984268,Monomando Lavatorio Modern,Tipo de producto,Mezcladora de baño
040202008-T1,143984268,Monomando Lavatorio Modern,Altura del paquete del seller,19 cm
040202008-T1,143984268,Monomando Lavatorio Modern,Largo del paquete del seller,7 cm
040202008-T1,143984268,Monomando Lavatorio Modern,Peso del paquete del seller,1066 g
040202008-T1,143984268,Monomando Lavatorio Modern,Ancho del paquete del seller,34 cm
040202008-T1,143984268,Monomando Lavatorio Modern,SKU,040202008-T
040202008-T1,143984268,Monomando Lavatorio Modern,syi pymes id,f399d3cf-f64b-4a4f-9ca0-d40303d9e659
040202008-T1,143984268,Monomando Lavatorio Modern,Garantía,Garantía legal 6 meses
040202008-T1,143984268,Monomando Lavatorio Modern,País de origen,China
040202008-T1,143984268,Monomando Lavatorio Modern,Tipo de instalación,Sobre cubierta
040202008-T1,143984268,Monomando Lavatorio Modern,_ML_item,MLC3585551670
040202008-T1,143984268,Monomando Lavatorio Modern,_ML_permalink,https://articulo.mercadolibre.cl/MLC-3585551670-llave-monomando-modern-pituto-cromado-articulo-para-bano-plateado-cromado-_JM
020201005-T1,152324732,Organizador De Ducha Esquinero Triangular Bano,Marca,Trade
020201005-T1,152324732,Organizador De Ducha Esquinero Triangular Bano,Color,Metal
020201005-T1,152324732,Organizador De Ducha Esquinero Triangular Bano,Código universal de producto,0867467324236
020201005-T1,152324732,Organizador De Ducha Esquinero Triangular Bano,Tipo de instalación,Esquinero
020201005-T1,152324732,Organizador De Ducha Esquinero Triangular Bano,Es resistente al agua,Sí
020201005-T1,152324732,Organizador De Ducha Esquinero Triangular Bano,Condición del ítem,Nuevo
020201005-T1,152324732,Organizador De Ducha Esquinero Triangular Bano,Línea,Baño
020201005-T1,152324732,Organizador De Ducha Esquinero Triangular Bano,Material,Acero inoxidable
020201005-T1,152324732,Organizador De Ducha Esquinero Triangular Bano,Modelo,Muro Triangular Esquinero
020201005-T1,152324732,Organizador De Ducha Esquinero Triangular Bano,Orígen del dato del paquete de fábrica,SELLER
020201005-T1,152324732,Organizador De Ducha Esquinero Triangular Bano,Altura del paquete,6 cm
020201005-T1,152324732,Organizador De Ducha Esquinero Triangular Bano,Largo del paquete,22 cm
020201005-T1,152324732,Organizador De Ducha Esquinero Triangular Bano,Peso del paquete,1000 g
020201005-T1,152324732,Organizador De Ducha Esquinero Triangular Bano,Ancho del paquete,23 cm
020201005-T1,152324732,Organizador De Ducha Esquinero Triangular Bano,Fuente del producto,Importado
020201005-T1,152324732,Organizador De Ducha Esquinero Triangular Bano,Altura del paquete del seller,7 cm
020201005-T1,152324732,Organizador De Ducha Esquinero Triangular Bano,Largo del paquete del seller,23 cm
020201005-T1,152324732,Organizador De Ducha Esquinero Triangular Bano,Peso del paquete del seller,1066 g
020201005-T1,152324732,Organizador De Ducha Esquinero Triangular Bano,Ancho del paquete del seller,24 cm
020201005-T1,152324732,Organizador De Ducha Esquinero Triangular Bano,SKU,020201005-T
020201005-T1,152324732,Organizador De Ducha Esquinero Triangular Bano,syi pymes id,f7b27b22-c209-4a68-9f86-6bb84f7cd710
020201005-T1,152324732,Organizador De Ducha Esquinero Triangular Bano,Garantía,Garantía legal 6 meses
020201005-T1,152324732,Organizador De Ducha Esquinero Triangular Bano,País de origen,China
020201005-T1,152324732,Organizador De Ducha Esquinero Triangular Bano,_ML_item,MLC1858803067
020201005-T1,152324732,Organizador De Ducha Esquinero Triangular Bano,_ML_permalink,https://articulo.mercadolibre.cl/MLC-1858803067-organizador-de-ducha-esquinero-triangular-bano-metal-_JM
010301018-T1,146703555,SELLO ANTIFUGA - MIRAGE,Marca,Trade
010301018-T1,146703555,SELLO ANTIFUGA - MIRAGE,Color,Blanco
010301018-T1,146703555,SELLO ANTIFUGA - MIRAGE,Código universal de producto,9427517116511
010301018-T1,146703555,SELLO ANTIFUGA - MIRAGE,Incluye bidet ,No
010301018-T1,146703555,SELLO ANTIFUGA - MIRAGE,Es electrónico,No
010301018-T1,146703555,SELLO ANTIFUGA - MIRAGE,Es ortopédico,No
010301018-T1,146703555,SELLO ANTIFUGA - MIRAGE,Condición del ítem,Nuevo
010301018-T1,146703555,SELLO ANTIFUGA - MIRAGE,Color principal,Blanco
010301018-T1,146703555,SELLO ANTIFUGA - MIRAGE,Modelo,Sello Antifuga
010301018-T1,146703555,SELLO ANTIFUGA - MIRAGE,Orígen del dato del paquete de fábrica,SELLER
010301018-T1,146703555,SELLO ANTIFUGA - MIRAGE,Altura del paquete,15 cm
010301018-T1,146703555,SELLO ANTIFUGA - MIRAGE,Largo del paquete,4 cm
010301018-T1,146703555,SELLO ANTIFUGA - MIRAGE,Peso del paquete,300 g
010301018-T1,146703555,SELLO ANTIFUGA - MIRAGE,Ancho del paquete,15 cm
010301018-T1,146703555,SELLO ANTIFUGA - MIRAGE,Altura del paquete del seller,16 cm
010301018-T1,146703555,SELLO ANTIFUGA - MIRAGE,Largo del paquete del seller,5 cm
010301018-T1,146703555,SELLO ANTIFUGA - MIRAGE,Peso del paquete del seller,366 g
010301018-T1,146703555,SELLO ANTIFUGA - MIRAGE,Ancho del paquete del seller,16 cm
010301018-T1,146703555,SELLO ANTIFUGA - MIRAGE,SKU,010301018-T
010301018-T1,146703555,SELLO ANTIFUGA - MIRAGE,syi pymes id,f4d871cd-c951-41a3-9f84-ea4bdc12d8bf
010301018-T1,146703555,SELLO ANTIFUGA - MIRAGE,Garantía,Garantía legal 6 meses
010301018-T1,146703555,SELLO ANTIFUGA - MIRAGE,País de origen,China
010301018-T1,146703555,SELLO ANTIFUGA - MIRAGE,Material,Goma
010301018-T1,146703555,SELLO ANTIFUGA - MIRAGE,_ML_item,MLC3585585036
010301018-T1,146703555,SELLO ANTIFUGA - MIRAGE,_ML_permalink,https://articulo.mercadolibre.cl/MLC-3585585036-sello-antifuga-asiento-wc-redondo-blanco-_JM
010701003-T1,143104631,Dispensador Toalla De Papel Interfoliado Plastico,Tipo de paquete del seller,Sin embalaje adicional
010701003-T1,143104631,Dispensador Toalla De Papel Interfoliado Plastico,Marca,Trade
010701003-T1,143104631,Dispensador Toalla De Papel Interfoliado Plastico,Color,Plateado
010701003-T1,143104631,Dispensador Toalla De Papel Interfoliado Plastico,Profundidad,10 cm
010701003-T1,143104631,Dispensador Toalla De Papel Interfoliado Plastico,Código universal de producto,7528530107592
010701003-T1,143104631,Dispensador Toalla De Papel Interfoliado Plastico,Altura,20.5 cm
010701003-T1,143104631,Dispensador Toalla De Papel Interfoliado Plastico,Condición del ítem,Nuevo
010701003-T1,143104631,Dispensador Toalla De Papel Interfoliado Plastico,Material,Acrílico
010701003-T1,143104631,Dispensador Toalla De Papel Interfoliado Plastico,Modelo,Dispensador Toalla Interfoliada
010701003-T1,143104631,Dispensador Toalla De Papel Interfoliado Plastico,Altura del paquete,10.8 cm
010701003-T1,143104631,Dispensador Toalla De Papel Interfoliado Plastico,Largo del paquete,22.4 cm
010701003-T1,143104631,Dispensador Toalla De Papel Interfoliado Plastico,Peso del paquete,640 g
010701003-T1,143104631,Dispensador Toalla De Papel Interfoliado Plastico,Ancho del paquete,27.2 cm
010701003-T1,143104631,Dispensador Toalla De Papel Interfoliado Plastico,Tipo de papel,Interfoliado
010701003-T1,143104631,Dispensador Toalla De Papel Interfoliado Plastico,Fuente del producto,Importado
010701003-T1,143104631,Dispensador Toalla De Papel Interfoliado Plastico,Características del producto,Sin vencimiento
010701003-T1,143104631,Dispensador Toalla De Papel Interfoliado Plastico,Altura del paquete del seller,27 cm
010701003-T1,143104631,Dispensador Toalla De Papel Interfoliado Plastico,Largo del paquete del seller,11 cm
010701003-T1,143104631,Dispensador Toalla De Papel Interfoliado Plastico,Peso del paquete del seller,712 g
010701003-T1,143104631,Dispensador Toalla De Papel Interfoliado Plastico,Ancho del paquete del seller,22 cm
010701003-T1,143104631,Dispensador Toalla De Papel Interfoliado Plastico,SKU,010701003-T
010701003-T1,143104631,Dispensador Toalla De Papel Interfoliado Plastico,Embalaje del envío,Auto-despachable
010701003-T1,143104631,Dispensador Toalla De Papel Interfoliado Plastico,Tipo de sistema,Dispensador Toalla Interfoliada
010701003-T1,143104631,Dispensador Toalla De Papel Interfoliado Plastico,Capacidad de toallas,300
010701003-T1,143104631,Dispensador Toalla De Papel Interfoliado Plastico,Ancho,26 cm
010701003-T1,143104631,Dispensador Toalla De Papel Interfoliado Plastico,Con traba de seguridad,Sí
010701003-T1,143104631,Dispensador Toalla De Papel Interfoliado Plastico,Garantía,Garantía legal 6 meses
010701003-T1,143104631,Dispensador Toalla De Papel Interfoliado Plastico,País de origen,China
010701003-T1,143104631,Dispensador Toalla De Papel Interfoliado Plastico,Tipo de instalación,Mural
010701003-T1,143104631,Dispensador Toalla De Papel Interfoliado Plastico,_ML_item,MLC1293255454
010701003-T1,143104631,Dispensador Toalla De Papel Interfoliado Plastico,_ML_permalink,https://articulo.mercadolibre.cl/MLC-1293255454-dispensador-de-papel-toalla-interfoliada-plateado-_JM
010301004-T1,143573701,Kit Para Estanque WC Carga Descarga Y Fijaciones,Fabricante,Täumm
010301004-T1,143573701,Kit Para Estanque WC Carga Descarga Y Fijaciones,Tipo de paquete del seller,Con embalaje adicional
010301004-T1,143573701,Kit Para Estanque WC Carga Descarga Y Fijaciones,Marca,Trade
010301004-T1,143573701,Kit Para Estanque WC Carga Descarga Y Fijaciones,Color,Blanco y Azul
010301004-T1,143573701,Kit Para Estanque WC Carga Descarga Y Fijaciones,Código universal de producto,752853008299
010301004-T1,143573701,Kit Para Estanque WC Carga Descarga Y Fijaciones,Incluye tecla de descarga,No
010301004-T1,143573701,Kit Para Estanque WC Carga Descarga Y Fijaciones,Condición del ítem,Nuevo
010301004-T1,143573701,Kit Para Estanque WC Carga Descarga Y Fijaciones,Materiales,Acero inoxidable
010301004-T1,143573701,Kit Para Estanque WC Carga Descarga Y Fijaciones,Modelo,Kit de Estanque WC
010301004-T1,143573701,Kit Para Estanque WC Carga Descarga Y Fijaciones,Altura del paquete,8.4 cm
010301004-T1,143573701,Kit Para Estanque WC Carga Descarga Y Fijaciones,Largo del paquete,35.2 cm
010301004-T1,143573701,Kit Para Estanque WC Carga Descarga Y Fijaciones,Peso del paquete,580 g
010301004-T1,143573701,Kit Para Estanque WC Carga Descarga Y Fijaciones,Ancho del paquete,16.8 cm
010301004-T1,143573701,Kit Para Estanque WC Carga Descarga Y Fijaciones,Fuente del producto,Importado
010301004-T1,143573701,Kit Para Estanque WC Carga Descarga Y Fijaciones,Características del producto,Sin vencimiento
010301004-T1,143573701,Kit Para Estanque WC Carga Descarga Y Fijaciones,Altura del paquete del seller,38 cm
010301004-T1,143573701,Kit Para Estanque WC Carga Descarga Y Fijaciones,Largo del paquete del seller,10 cm
010301004-T1,143573701,Kit Para Estanque WC Carga Descarga Y Fijaciones,Peso del paquete del seller,692 g
010301004-T1,143573701,Kit Para Estanque WC Carga Descarga Y Fijaciones,Ancho del paquete del seller,20 cm
010301004-T1,143573701,Kit Para Estanque WC Carga Descarga Y Fijaciones,SKU,010301004-T
010301004-T1,143573701,Kit Para Estanque WC Carga Descarga Y Fijaciones,Embalaje del envío,Bolsa
010301004-T1,143573701,Kit Para Estanque WC Carga Descarga Y Fijaciones,Sistema de la válvula,Cadena
010301004-T1,143573701,Kit Para Estanque WC Carga Descarga Y Fijaciones,Garantía,Garantía legal 6 meses
010301004-T1,143573701,Kit Para Estanque WC Carga Descarga Y Fijaciones,País de origen,China
010301004-T1,143573701,Kit Para Estanque WC Carga Descarga Y Fijaciones,_ML_item,MLC581589910
010301004-T1,143573701,Kit Para Estanque WC Carga Descarga Y Fijaciones,_ML_permalink,https://articulo.mercadolibre.cl/MLC-581589910-kit-para-estanque-wc-carga-descarga-y-fijaciones-_JM
010701011-T1,143573665,Dispensador Jabon Simple Mejorado 360 ml,Marca,Trade
010701011-T1,143573665,Dispensador Jabon Simple Mejorado 360 ml,Color,Blanco
010701011-T1,143573665,Dispensador Jabon Simple Mejorado 360 ml,Tipos de productos compatibles,Jabón líquido
010701011-T1,143573665,Dispensador Jabon Simple Mejorado 360 ml,Tipo de Dosificación,Bomba dispensadora
010701011-T1,143573665,Dispensador Jabon Simple Mejorado 360 ml,Código universal de producto,3547915762342
010701011-T1,143573665,Dispensador Jabon Simple Mejorado 360 ml,Tipo de instalación,De mesón
010701011-T1,143573665,Dispensador Jabon Simple Mejorado 360 ml,Condición del ítem,Nuevo
010701011-T1,143573665,Dispensador Jabon Simple Mejorado 360 ml,Color principal,Blanco
010701011-T1,143573665,Dispensador Jabon Simple Mejorado 360 ml,Material,Acero inoxidable
010701011-T1,143573665,Dispensador Jabon Simple Mejorado 360 ml,Modelo,dispensador de jabon
010701011-T1,143573665,Dispensador Jabon Simple Mejorado 360 ml,Orígen del dato del paquete de fábrica,SELLER
010701011-T1,143573665,Dispensador Jabon Simple Mejorado 360 ml,Consistencias del producto ,Líquido
010701011-T1,143573665,Dispensador Jabon Simple Mejorado 360 ml,Fuente del producto,Importado
010701011-T1,143573665,Dispensador Jabon Simple Mejorado 360 ml,Altura del paquete del seller,25 cm
010701011-T1,143573665,Dispensador Jabon Simple Mejorado 360 ml,Largo del paquete del seller,15 cm
010701011-T1,143573665,Dispensador Jabon Simple Mejorado 360 ml,Peso del paquete del seller,1000 g
010701011-T1,143573665,Dispensador Jabon Simple Mejorado 360 ml,Ancho del paquete del seller,15 cm
010701011-T1,143573665,Dispensador Jabon Simple Mejorado 360 ml,SKU,010701011-T
010701011-T1,143573665,Dispensador Jabon Simple Mejorado 360 ml,syi pymes id,b9f0ad49-dbd8-4b29-924d-2e2a3603ad80
010701011-T1,143573665,Dispensador Jabon Simple Mejorado 360 ml,Capacidad en volumen,360 mL
010701011-T1,143573665,Dispensador Jabon Simple Mejorado 360 ml,Con llave de seguridad,No
010701011-T1,143573665,Dispensador Jabon Simple Mejorado 360 ml,Con visor,No
010701011-T1,143573665,Dispensador Jabon Simple Mejorado 360 ml,Garantía,Garantía legal 6 meses
010701011-T1,143573665,Dispensador Jabon Simple Mejorado 360 ml,País de origen,China
010701011-T1,143573665,Dispensador Jabon Simple Mejorado 360 ml,Dimensiones,Aprox. 25 x 15 x 15 cm; capacidad 360 ml
010701011-T1,143573665,Dispensador Jabon Simple Mejorado 360 ml,_ML_item,MLC1877964393
010701011-T1,143573665,Dispensador Jabon Simple Mejorado 360 ml,_ML_permalink,https://articulo.mercadolibre.cl/MLC-1877964393-dispensador-de-jabon-360-ml-simple-mejorado-blanco-_JM
020202008-T1,143566300,Desague Lavaplatos 3 1/2 Rebalse,Cantidad de agujeros,1
020202008-T1,143566300,Desague Lavaplatos 3 1/2 Rebalse,Incluye aireador,No
020202008-T1,143566300,Desague Lavaplatos 3 1/2 Rebalse,Incluye filtro de agua,No
020202008-T1,143566300,Desague Lavaplatos 3 1/2 Rebalse,Lugar de colocación,Mesada
020202008-T1,143566300,Desague Lavaplatos 3 1/2 Rebalse,Es gourmet,No
020202008-T1,143566300,Desague Lavaplatos 3 1/2 Rebalse,Es mezclador,No
020202008-T1,143566300,Desague Lavaplatos 3 1/2 Rebalse,Accesorios incluidos,Rebalse
020202008-T1,143566300,Desague Lavaplatos 3 1/2 Rebalse,Marca,Trade
020202008-T1,143566300,Desague Lavaplatos 3 1/2 Rebalse,Color,Plateado
020202008-T1,143566300,Desague Lavaplatos 3 1/2 Rebalse,Forma,Cestillo
020202008-T1,143566300,Desague Lavaplatos 3 1/2 Rebalse,Acabado,Acero inoxidable
020202008-T1,143566300,Desague Lavaplatos 3 1/2 Rebalse,Código universal de producto,4443562617501
020202008-T1,143566300,Desague Lavaplatos 3 1/2 Rebalse,Diámetro de entradas,1/2
020202008-T1,143566300,Desague Lavaplatos 3 1/2 Rebalse,Lugares de colocación,Mesada
020202008-T1,143566300,Desague Lavaplatos 3 1/2 Rebalse,Es doble,No
020202008-T1,143566300,Desague Lavaplatos 3 1/2 Rebalse,Es extensible,No
020202008-T1,143566300,Desague Lavaplatos 3 1/2 Rebalse,Es flexible,No
020202008-T1,143566300,Desague Lavaplatos 3 1/2 Rebalse,Condición del ítem,Nuevo
020202008-T1,143566300,Desague Lavaplatos 3 1/2 Rebalse,Color principal,Plateado
020202008-T1,143566300,Desague Lavaplatos 3 1/2 Rebalse,Material,Acero inoxidable
020202008-T1,143566300,Desague Lavaplatos 3 1/2 Rebalse,Materiales,Acero inoxidable
020202008-T1,143566300,Desague Lavaplatos 3 1/2 Rebalse,Modelo,Desague Lavaplatos
020202008-T1,143566300,Desague Lavaplatos 3 1/2 Rebalse,Diámetro de salidas,1/2
020202008-T1,143566300,Desague Lavaplatos 3 1/2 Rebalse,Orígen del dato del paquete de fábrica,SELLER
020202008-T1,143566300,Desague Lavaplatos 3 1/2 Rebalse,Fuente del producto,Importado
020202008-T1,143566300,Desague Lavaplatos 3 1/2 Rebalse,Altura del paquete del seller,11 cm
020202008-T1,143566300,Desague Lavaplatos 3 1/2 Rebalse,Largo del paquete del seller,5 cm
020202008-T1,143566300,Desague Lavaplatos 3 1/2 Rebalse,Peso del paquete del seller,200 g
020202008-T1,143566300,Desague Lavaplatos 3 1/2 Rebalse,Ancho del paquete del seller,11 cm
020202008-T1,143566300,Desague Lavaplatos 3 1/2 Rebalse,SKU,020202008-T
020202008-T1,143566300,Desague Lavaplatos 3 1/2 Rebalse,syi pymes id,63624175-7a9b-4068-84f5-5b1a772aa546
020202008-T1,143566300,Desague Lavaplatos 3 1/2 Rebalse,Garantía,Garantía legal 6 meses
020202008-T1,143566300,Desague Lavaplatos 3 1/2 Rebalse,País de origen,China
020202008-T1,143566300,Desague Lavaplatos 3 1/2 Rebalse,Dimensiones,"Diámetro: 3 1/2"" (≈ 8,9 cm)"
020202008-T1,143566300,Desague Lavaplatos 3 1/2 Rebalse,_ML_item,MLC3745103284
020202008-T1,143566300,Desague Lavaplatos 3 1/2 Rebalse,_ML_permalink,https://articulo.mercadolibre.cl/MLC-3745103284-desague-de-lavaplatos-3-12-o-114-cm-o-114-mm-plateado-_JM
030102002-T1,146932883,FLEXIBLE GAS HI HI 3/8 1/2 100 CM,Marca,Trade
030102002-T1,146932883,FLEXIBLE GAS HI HI 3/8 1/2 100 CM,Código universal de producto,7885409138980
030102002-T1,146932883,FLEXIBLE GAS HI HI 3/8 1/2 100 CM,Incluye manual de ensamblado,No
030102002-T1,146932883,FLEXIBLE GAS HI HI 3/8 1/2 100 CM,Condición del ítem,Nuevo
030102002-T1,146932883,FLEXIBLE GAS HI HI 3/8 1/2 100 CM,Fabricante,Täumm
030102002-T1,146932883,FLEXIBLE GAS HI HI 3/8 1/2 100 CM,Orígen del dato del paquete de fábrica,SELLER
030102002-T1,146932883,FLEXIBLE GAS HI HI 3/8 1/2 100 CM,Altura del paquete,100 cm
030102002-T1,146932883,FLEXIBLE GAS HI HI 3/8 1/2 100 CM,Largo del paquete,3 cm
030102002-T1,146932883,FLEXIBLE GAS HI HI 3/8 1/2 100 CM,Peso del paquete,1000 g
030102002-T1,146932883,FLEXIBLE GAS HI HI 3/8 1/2 100 CM,Ancho del paquete,3 cm
030102002-T1,146932883,FLEXIBLE GAS HI HI 3/8 1/2 100 CM,Fuente del producto,Importado
030102002-T1,146932883,FLEXIBLE GAS HI HI 3/8 1/2 100 CM,Altura del paquete del seller,101 cm
030102002-T1,146932883,FLEXIBLE GAS HI HI 3/8 1/2 100 CM,Largo del paquete del seller,4 cm
030102002-T1,146932883,FLEXIBLE GAS HI HI 3/8 1/2 100 CM,Peso del paquete del seller,1066 g
030102002-T1,146932883,FLEXIBLE GAS HI HI 3/8 1/2 100 CM,Ancho del paquete del seller,4 cm
030102002-T1,146932883,FLEXIBLE GAS HI HI 3/8 1/2 100 CM,SKU,030102002-T
030102002-T1,146932883,FLEXIBLE GAS HI HI 3/8 1/2 100 CM,syi pymes id,f8a1c082-30e5-4aca-8b7c-6871b7cf71d4
030102002-T1,146932883,FLEXIBLE GAS HI HI 3/8 1/2 100 CM,Garantía,Garantía legal 6 meses
030102002-T1,146932883,FLEXIBLE GAS HI HI 3/8 1/2 100 CM,País de origen,China
030102002-T1,146932883,FLEXIBLE GAS HI HI 3/8 1/2 100 CM,Material,"Malla metálica de acero, tubo interior PVC"
030102002-T1,146932883,FLEXIBLE GAS HI HI 3/8 1/2 100 CM,Color,Plateado
030102002-T1,146932883,FLEXIBLE GAS HI HI 3/8 1/2 100 CM,_ML_item,MLC1859010123
030102002-T1,146932883,FLEXIBLE GAS HI HI 3/8 1/2 100 CM,_ML_permalink,https://articulo.mercadolibre.cl/MLC-1859010123-flexible-para-gas-hi-hi-12-x-38-en-100-cm-_JM
030102002-T1,146932883,FLEXIBLE GAS HI HI 3/8 1/2 100 CM,Dimensiones,"Largo: 100 cm (conexión 3/8"" x 1/2"")"
030102003-T1,146935020,FLEXIBLE GAS HI HI 3/8 1/2 60 CM,Marca,Trade
030102003-T1,146935020,FLEXIBLE GAS HI HI 3/8 1/2 60 CM,Código universal de producto,659576791210
030102003-T1,146935020,FLEXIBLE GAS HI HI 3/8 1/2 60 CM,Condición del ítem,Nuevo
030102003-T1,146935020,FLEXIBLE GAS HI HI 3/8 1/2 60 CM,Fuente del producto,Importado
030102003-T1,146935020,FLEXIBLE GAS HI HI 3/8 1/2 60 CM,Altura del paquete del seller,5 cm
030102003-T1,146935020,FLEXIBLE GAS HI HI 3/8 1/2 60 CM,Largo del paquete del seller,18 cm
030102003-T1,146935020,FLEXIBLE GAS HI HI 3/8 1/2 60 CM,Peso del paquete del seller,600 g
030102003-T1,146935020,FLEXIBLE GAS HI HI 3/8 1/2 60 CM,Ancho del paquete del seller,16 cm
030102003-T1,146935020,FLEXIBLE GAS HI HI 3/8 1/2 60 CM,SKU,030102003-K
030102003-T1,146935020,FLEXIBLE GAS HI HI 3/8 1/2 60 CM,Garantía,Garantía legal 6 meses
030102003-T1,146935020,FLEXIBLE GAS HI HI 3/8 1/2 60 CM,País de origen,China
030102003-T1,146935020,FLEXIBLE GAS HI HI 3/8 1/2 60 CM,Material,"Malla metálica de acero, tubo interior PVC"
030102003-T1,146935020,FLEXIBLE GAS HI HI 3/8 1/2 60 CM,Color,Plateado
030102003-T1,146935020,FLEXIBLE GAS HI HI 3/8 1/2 60 CM,Dimensiones,"Largo: 60 cm (conexión 3/8"" x 1/2"")"
030102003-T1,146935020,FLEXIBLE GAS HI HI 3/8 1/2 60 CM,_ML_item,MLC2300909570
030102003-T1,146935020,FLEXIBLE GAS HI HI 3/8 1/2 60 CM,_ML_permalink,https://articulo.mercadolibre.cl/MLC-2300909570-1-paquete-de-toalla-de-papel-interfoliada-doble-hoja-200-un-_JM
010602001-T1,146722720,DESAGUE TINA 1 1/2 REBALSE PLASTICO,Accesorios incluidos,Tubo y campana de rebalse
010602001-T1,146722720,DESAGUE TINA 1 1/2 REBALSE PLASTICO,Marca,Trade
010602001-T1,146722720,DESAGUE TINA 1 1/2 REBALSE PLASTICO,Color,Blanco
010602001-T1,146722720,DESAGUE TINA 1 1/2 REBALSE PLASTICO,Código universal de producto,8817383929468
010602001-T1,146722720,DESAGUE TINA 1 1/2 REBALSE PLASTICO,Altura,31 cm
010602001-T1,146722720,DESAGUE TINA 1 1/2 REBALSE PLASTICO,Lugares de colocación,Para tina de baño
010602001-T1,146722720,DESAGUE TINA 1 1/2 REBALSE PLASTICO,Es doble,No
010602001-T1,146722720,DESAGUE TINA 1 1/2 REBALSE PLASTICO,Es extensible,No
010602001-T1,146722720,DESAGUE TINA 1 1/2 REBALSE PLASTICO,Es flexible,No
010602001-T1,146722720,DESAGUE TINA 1 1/2 REBALSE PLASTICO,Condición del ítem,Nuevo
010602001-T1,146722720,DESAGUE TINA 1 1/2 REBALSE PLASTICO,Línea,Tina
010602001-T1,146722720,DESAGUE TINA 1 1/2 REBALSE PLASTICO,Color principal,Blanco
010602001-T1,146722720,DESAGUE TINA 1 1/2 REBALSE PLASTICO,Material,Plástico
010602001-T1,146722720,DESAGUE TINA 1 1/2 REBALSE PLASTICO,Materiales,Acero inoxidable
010602001-T1,146722720,DESAGUE TINA 1 1/2 REBALSE PLASTICO,Modelo,Desague Para Tina
010602001-T1,146722720,DESAGUE TINA 1 1/2 REBALSE PLASTICO,Orígen del dato del paquete de fábrica,SELLER
010602001-T1,146722720,DESAGUE TINA 1 1/2 REBALSE PLASTICO,Fuente del producto,Importado
010602001-T1,146722720,DESAGUE TINA 1 1/2 REBALSE PLASTICO,Altura del paquete del seller,30 cm
010602001-T1,146722720,DESAGUE TINA 1 1/2 REBALSE PLASTICO,Largo del paquete del seller,9 cm
010602001-T1,146722720,DESAGUE TINA 1 1/2 REBALSE PLASTICO,Peso del paquete del seller,330 g
010602001-T1,146722720,DESAGUE TINA 1 1/2 REBALSE PLASTICO,Ancho del paquete del seller,9 cm
010602001-T1,146722720,DESAGUE TINA 1 1/2 REBALSE PLASTICO,SKU,010602001-T
010602001-T1,146722720,DESAGUE TINA 1 1/2 REBALSE PLASTICO,syi pymes id,f77687e8-b119-431d-b79b-0351928e69d1
010602001-T1,146722720,DESAGUE TINA 1 1/2 REBALSE PLASTICO,Ancho,18 cm
010602001-T1,146722720,DESAGUE TINA 1 1/2 REBALSE PLASTICO,Garantía,Garantía legal 6 meses
010602001-T1,146722720,DESAGUE TINA 1 1/2 REBALSE PLASTICO,País de origen,China
010602001-T1,146722720,DESAGUE TINA 1 1/2 REBALSE PLASTICO,_ML_item,MLC1877692313
010602001-T1,146722720,DESAGUE TINA 1 1/2 REBALSE PLASTICO,_ML_permalink,https://articulo.mercadolibre.cl/MLC-1877692313-desague-para-tina-con-tubo-y-campana-de-rebalse-blanco-blanco-_JM
010301015-T1,146703258,VALVULA DE CARGA LATERAL,Tipo de paquete del seller,Con embalaje adicional
010301015-T1,146703258,VALVULA DE CARGA LATERAL,Marca,Trade
010301015-T1,146703258,VALVULA DE CARGA LATERAL,Color,Blanco
010301015-T1,146703258,VALVULA DE CARGA LATERAL,Tipo de descarga,Descarga por gravedad
010301015-T1,146703258,VALVULA DE CARGA LATERAL,Código universal de producto,7922412290264
010301015-T1,146703258,VALVULA DE CARGA LATERAL,Incluye bidet ,No
010301015-T1,146703258,VALVULA DE CARGA LATERAL,Incluye asiento,No
010301015-T1,146703258,VALVULA DE CARGA LATERAL,Incluye tanque de agua,No
010301015-T1,146703258,VALVULA DE CARGA LATERAL,Es inodoro de una pieza,No
010301015-T1,146703258,VALVULA DE CARGA LATERAL,Condición del ítem,Nuevo
010301015-T1,146703258,VALVULA DE CARGA LATERAL,Línea,Inodoro
010301015-T1,146703258,VALVULA DE CARGA LATERAL,Color principal,Blanco
010301015-T1,146703258,VALVULA DE CARGA LATERAL,Material,De alta resistencia y durabilidad
010301015-T1,146703258,VALVULA DE CARGA LATERAL,Modelo,Valvula para WC
010301015-T1,146703258,VALVULA DE CARGA LATERAL,Tipo de salida,Válvula de descarga
010301015-T1,146703258,VALVULA DE CARGA LATERAL,Fuente del producto,Importado
010301015-T1,146703258,VALVULA DE CARGA LATERAL,Altura del paquete del seller,10 cm
010301015-T1,146703258,VALVULA DE CARGA LATERAL,Largo del paquete del seller,25 cm
010301015-T1,146703258,VALVULA DE CARGA LATERAL,Peso del paquete del seller,300 g
010301015-T1,146703258,VALVULA DE CARGA LATERAL,Ancho del paquete del seller,12 cm
010301015-T1,146703258,VALVULA DE CARGA LATERAL,SKU,010301015-T
010301015-T1,146703258,VALVULA DE CARGA LATERAL,syi pymes id,557e03b3-a775-412e-ac89-6494aef6ae29
010301015-T1,146703258,VALVULA DE CARGA LATERAL,Garantía,Garantía legal 6 meses
010301015-T1,146703258,VALVULA DE CARGA LATERAL,País de origen,China
010301015-T1,146703258,VALVULA DE CARGA LATERAL,Dimensiones,"Alto regulable ~18-28 cm; entrada lateral 1/2"""
010301015-T1,146703258,VALVULA DE CARGA LATERAL,_ML_item,MLC3585629322
010301015-T1,146703258,VALVULA DE CARGA LATERAL,_ML_permalink,https://articulo.mercadolibre.cl/MLC-3585629322-valvula-lateral-para-wc-eficiente-y-durable-blanco-_JM
010703008-T1,146228456,ESPEJO 60X90 RECTANGULAR ONDAS,Tipo de paquete del seller,Con embalaje adicional
010703008-T1,146228456,ESPEJO 60X90 RECTANGULAR ONDAS,Marca,Trade
010703008-T1,146228456,ESPEJO 60X90 RECTANGULAR ONDAS,Código universal de producto,7528530128450
010703008-T1,146228456,ESPEJO 60X90 RECTANGULAR ONDAS,Altura,90 cm
010703008-T1,146228456,ESPEJO 60X90 RECTANGULAR ONDAS,Lugar de colocación,De pared
010703008-T1,146228456,ESPEJO 60X90 RECTANGULAR ONDAS,Es marca destacada,No
010703008-T1,146228456,ESPEJO 60X90 RECTANGULAR ONDAS,Es marca TOM,No
010703008-T1,146228456,ESPEJO 60X90 RECTANGULAR ONDAS,Condición del ítem,Nuevo
010703008-T1,146228456,ESPEJO 60X90 RECTANGULAR ONDAS,Color del marco,Blanco
010703008-T1,146228456,ESPEJO 60X90 RECTANGULAR ONDAS,Forma del espejo,Rectangular
010703008-T1,146228456,ESPEJO 60X90 RECTANGULAR ONDAS,Modelo,Ondas
010703008-T1,146228456,ESPEJO 60X90 RECTANGULAR ONDAS,Fuente del producto,Importado
010703008-T1,146228456,ESPEJO 60X90 RECTANGULAR ONDAS,Habitaciones de instalación recomendadas,Baño
010703008-T1,146228456,ESPEJO 60X90 RECTANGULAR ONDAS,Altura del paquete del seller,69 cm
010703008-T1,146228456,ESPEJO 60X90 RECTANGULAR ONDAS,Largo del paquete del seller,7 cm
010703008-T1,146228456,ESPEJO 60X90 RECTANGULAR ONDAS,Peso del paquete del seller,8465 g
010703008-T1,146228456,ESPEJO 60X90 RECTANGULAR ONDAS,Ancho del paquete del seller,66 cm
010703008-T1,146228456,ESPEJO 60X90 RECTANGULAR ONDAS,SKU,010703008-T
010703008-T1,146228456,ESPEJO 60X90 RECTANGULAR ONDAS,Estilo,Minimalista
010703008-T1,146228456,ESPEJO 60X90 RECTANGULAR ONDAS,Voltaje,220V
010703008-T1,146228456,ESPEJO 60X90 RECTANGULAR ONDAS,Peso,3 g
010703008-T1,146228456,ESPEJO 60X90 RECTANGULAR ONDAS,Ancho,60 cm
010703008-T1,146228456,ESPEJO 60X90 RECTANGULAR ONDAS,Con luz,No
010703008-T1,146228456,ESPEJO 60X90 RECTANGULAR ONDAS,Garantía,Garantía legal 6 meses
010703008-T1,146228456,ESPEJO 60X90 RECTANGULAR ONDAS,País de origen,China
010703008-T1,146228456,ESPEJO 60X90 RECTANGULAR ONDAS,Material,Cristal espejado
010703008-T1,146228456,ESPEJO 60X90 RECTANGULAR ONDAS,Color,Plateado
010703008-T1,146228456,ESPEJO 60X90 RECTANGULAR ONDAS,Tipo de instalación,Mural
010703008-T1,146228456,ESPEJO 60X90 RECTANGULAR ONDAS,_ML_item,MLC1754502651
010703008-T1,146228456,ESPEJO 60X90 RECTANGULAR ONDAS,_ML_permalink,https://articulo.mercadolibre.cl/MLC-1754502651-espejo-60x90-rectangular-con-ondas-blanco-_JM
010703008-T1,146228456,ESPEJO 60X90 RECTANGULAR ONDAS,Dimensiones,60 x 90 cm
030102004-T1,146955850,LLAVE PASO GAS HI HE 12,Marca,Trade
030102004-T1,146955850,LLAVE PASO GAS HI HE 12,Diámetro de la conexión,1.3 cm
030102004-T1,146955850,LLAVE PASO GAS HI HE 12,Código universal de producto,6012451949030
030102004-T1,146955850,LLAVE PASO GAS HI HE 12,Condición del ítem,Nuevo
030102004-T1,146955850,LLAVE PASO GAS HI HE 12,Material,Bronce
030102004-T1,146955850,LLAVE PASO GAS HI HE 12,Modelo,hi-he-12
030102004-T1,146955850,LLAVE PASO GAS HI HE 12,Orígen del dato del paquete de fábrica,SELLER
030102004-T1,146955850,LLAVE PASO GAS HI HE 12,Altura del paquete,9 cm
030102004-T1,146955850,LLAVE PASO GAS HI HE 12,Largo del paquete,3 cm
030102004-T1,146955850,LLAVE PASO GAS HI HE 12,Peso del paquete,300 g
030102004-T1,146955850,LLAVE PASO GAS HI HE 12,Ancho del paquete,7 cm
030102004-T1,146955850,LLAVE PASO GAS HI HE 12,Fuente del producto,Importado
030102004-T1,146955850,LLAVE PASO GAS HI HE 12,Formato de venta,Unidad
030102004-T1,146955850,LLAVE PASO GAS HI HE 12,Altura del paquete del seller,10 cm
030102004-T1,146955850,LLAVE PASO GAS HI HE 12,Largo del paquete del seller,4 cm
030102004-T1,146955850,LLAVE PASO GAS HI HE 12,Peso del paquete del seller,366 g
030102004-T1,146955850,LLAVE PASO GAS HI HE 12,Ancho del paquete del seller,8 cm
030102004-T1,146955850,LLAVE PASO GAS HI HE 12,SKU,030102004-T
030102004-T1,146955850,LLAVE PASO GAS HI HE 12,syi pymes id,641891d1-1469-46b6-83da-e2b7168b5b08
030102004-T1,146955850,LLAVE PASO GAS HI HE 12,Unidades por pack,1
030102004-T1,146955850,LLAVE PASO GAS HI HE 12,Tipo de válvula,Llave De Paso para Gas
030102004-T1,146955850,LLAVE PASO GAS HI HE 12,Cantidad de vías,2
030102004-T1,146955850,LLAVE PASO GAS HI HE 12,Garantía,Garantía legal 6 meses
030102004-T1,146955850,LLAVE PASO GAS HI HE 12,País de origen,China
030102004-T1,146955850,LLAVE PASO GAS HI HE 12,Color,Plateado
030102004-T1,146955850,LLAVE PASO GAS HI HE 12,_ML_item,MLC1858920385
030102004-T1,146955850,LLAVE PASO GAS HI HE 12,_ML_permalink,https://articulo.mercadolibre.cl/MLC-1858920385-llave-de-paso-para-gas-hi-he-12-2-vias-_JM
020201001-T1,146823515,CODO LAVAPLATOS SALIDA SIFON,Marca,Trade
020201001-T1,146823515,CODO LAVAPLATOS SALIDA SIFON,Color,Blanco
020201001-T1,146823515,CODO LAVAPLATOS SALIDA SIFON,Forma,Codo 90
020201001-T1,146823515,CODO LAVAPLATOS SALIDA SIFON,Acabado,Blanco
020201001-T1,146823515,CODO LAVAPLATOS SALIDA SIFON,Código universal de producto,2852165546552
020201001-T1,146823515,CODO LAVAPLATOS SALIDA SIFON,Lugares de colocación,Desagüe
020201001-T1,146823515,CODO LAVAPLATOS SALIDA SIFON,Es doble,No
020201001-T1,146823515,CODO LAVAPLATOS SALIDA SIFON,Es extensible,No
020201001-T1,146823515,CODO LAVAPLATOS SALIDA SIFON,Es flexible,No
020201001-T1,146823515,CODO LAVAPLATOS SALIDA SIFON,Condición del ítem,Nuevo
020201001-T1,146823515,CODO LAVAPLATOS SALIDA SIFON,Línea,PVC
020201001-T1,146823515,CODO LAVAPLATOS SALIDA SIFON,Color principal,Blanco
020201001-T1,146823515,CODO LAVAPLATOS SALIDA SIFON,Material,Plástico
020201001-T1,146823515,CODO LAVAPLATOS SALIDA SIFON,Materiales,PVC
020201001-T1,146823515,CODO LAVAPLATOS SALIDA SIFON,Modelo,Sifón Codo 90
020201001-T1,146823515,CODO LAVAPLATOS SALIDA SIFON,Orígen del dato del paquete de fábrica,SELLER
020201001-T1,146823515,CODO LAVAPLATOS SALIDA SIFON,Altura del paquete,9 cm
020201001-T1,146823515,CODO LAVAPLATOS SALIDA SIFON,Largo del paquete,5 cm
020201001-T1,146823515,CODO LAVAPLATOS SALIDA SIFON,Peso del paquete,300 g
020201001-T1,146823515,CODO LAVAPLATOS SALIDA SIFON,Ancho del paquete,5 cm
020201001-T1,146823515,CODO LAVAPLATOS SALIDA SIFON,Fuente del producto,Importado
020201001-T1,146823515,CODO LAVAPLATOS SALIDA SIFON,Altura del paquete del seller,10 cm
020201001-T1,146823515,CODO LAVAPLATOS SALIDA SIFON,Largo del paquete del seller,6 cm
020201001-T1,146823515,CODO LAVAPLATOS SALIDA SIFON,Peso del paquete del seller,366 g
020201001-T1,146823515,CODO LAVAPLATOS SALIDA SIFON,Ancho del paquete del seller,6 cm
020201001-T1,146823515,CODO LAVAPLATOS SALIDA SIFON,SKU,020201001-T
020201001-T1,146823515,CODO LAVAPLATOS SALIDA SIFON,syi pymes id,da05dd0f-1442-4937-8a8f-5497a026a2f4
020201001-T1,146823515,CODO LAVAPLATOS SALIDA SIFON,Garantía,Garantía legal 6 meses
020201001-T1,146823515,CODO LAVAPLATOS SALIDA SIFON,País de origen,China
020201001-T1,146823515,CODO LAVAPLATOS SALIDA SIFON,_ML_item,MLC1858852785
020201001-T1,146823515,CODO LAVAPLATOS SALIDA SIFON,_ML_permalink,https://articulo.mercadolibre.cl/MLC-1858852785-sifon-codo-90-plastico-blanco-para-desague-blanco-_JM
010103003-T1,143573675,Brazo De Ducha Para Plato Acero Inoxidable 40 Cms,Tipo de paquete del seller,Con embalaje adicional
010103003-T1,143573675,Brazo De Ducha Para Plato Acero Inoxidable 40 Cms,Marca,Trade
010103003-T1,143573675,Brazo De Ducha Para Plato Acero Inoxidable 40 Cms,Código universal de producto,752853010087
010103003-T1,143573675,Brazo De Ducha Para Plato Acero Inoxidable 40 Cms,Condición del ítem,Nuevo
010103003-T1,143573675,Brazo De Ducha Para Plato Acero Inoxidable 40 Cms,Fabricante,Täumm
010103003-T1,143573675,Brazo De Ducha Para Plato Acero Inoxidable 40 Cms,Modelo,Brazo De Ducha 40 Cm
010103003-T1,143573675,Brazo De Ducha Para Plato Acero Inoxidable 40 Cms,Altura del paquete,3.2 cm
010103003-T1,143573675,Brazo De Ducha Para Plato Acero Inoxidable 40 Cms,Largo del paquete,11.6 cm
010103003-T1,143573675,Brazo De Ducha Para Plato Acero Inoxidable 40 Cms,Peso del paquete,280 g
010103003-T1,143573675,Brazo De Ducha Para Plato Acero Inoxidable 40 Cms,Ancho del paquete,41.8 cm
010103003-T1,143573675,Brazo De Ducha Para Plato Acero Inoxidable 40 Cms,Fuente del producto,Importado
010103003-T1,143573675,Brazo De Ducha Para Plato Acero Inoxidable 40 Cms,Características del producto,Sin vencimiento
010103003-T1,143573675,Brazo De Ducha Para Plato Acero Inoxidable 40 Cms,Altura del paquete del seller,45 cm
010103003-T1,143573675,Brazo De Ducha Para Plato Acero Inoxidable 40 Cms,Largo del paquete del seller,5 cm
010103003-T1,143573675,Brazo De Ducha Para Plato Acero Inoxidable 40 Cms,Peso del paquete del seller,392 g
010103003-T1,143573675,Brazo De Ducha Para Plato Acero Inoxidable 40 Cms,Ancho del paquete del seller,15 cm
010103003-T1,143573675,Brazo De Ducha Para Plato Acero Inoxidable 40 Cms,SKU,010103003-T
010103003-T1,143573675,Brazo De Ducha Para Plato Acero Inoxidable 40 Cms,Embalaje del envío,Bolsa
010103003-T1,143573675,Brazo De Ducha Para Plato Acero Inoxidable 40 Cms,Garantía,Garantía legal 6 meses
010103003-T1,143573675,Brazo De Ducha Para Plato Acero Inoxidable 40 Cms,País de origen,China
010103003-T1,143573675,Brazo De Ducha Para Plato Acero Inoxidable 40 Cms,Material,Acero inoxidable
010103003-T1,143573675,Brazo De Ducha Para Plato Acero Inoxidable 40 Cms,Color,Cromado
010103003-T1,143573675,Brazo De Ducha Para Plato Acero Inoxidable 40 Cms,Tipo de instalación,Mural
010103003-T1,143573675,Brazo De Ducha Para Plato Acero Inoxidable 40 Cms,_ML_item,MLC566501623
010103003-T1,143573675,Brazo De Ducha Para Plato Acero Inoxidable 40 Cms,_ML_permalink,https://articulo.mercadolibre.cl/MLC-566501623-brazo-para-plato-de-ducha-al-muro-40-cm-acero-inoxidable-_JM
010103003-T1,143573675,Brazo De Ducha Para Plato Acero Inoxidable 40 Cms,Dimensiones,Largo: 40 cm
010801004-T1,143573423,Kit Completo Ducha Bidet Arabe,Tipo de paquete del seller,Con embalaje adicional
010801004-T1,143573423,Kit Completo Ducha Bidet Arabe,Marca,Trade
010801004-T1,143573423,Kit Completo Ducha Bidet Arabe,Código universal de producto,752853001627
010801004-T1,143573423,Kit Completo Ducha Bidet Arabe,Condición del ítem,Nuevo
010801004-T1,143573423,Kit Completo Ducha Bidet Arabe,Fabricante,Täumm
010801004-T1,143573423,Kit Completo Ducha Bidet Arabe,Modelo,Kit Bidet Árabe
010801004-T1,143573423,Kit Completo Ducha Bidet Arabe,Altura del paquete,5.4 cm
010801004-T1,143573423,Kit Completo Ducha Bidet Arabe,Largo del paquete,29 cm
010801004-T1,143573423,Kit Completo Ducha Bidet Arabe,Peso del paquete,480 g
010801004-T1,143573423,Kit Completo Ducha Bidet Arabe,Ancho del paquete,18 cm
010801004-T1,143573423,Kit Completo Ducha Bidet Arabe,Fuente del producto,Importado
010801004-T1,143573423,Kit Completo Ducha Bidet Arabe,Características del producto,Sin vencimiento
010801004-T1,143573423,Kit Completo Ducha Bidet Arabe,Altura del paquete del seller,32 cm
010801004-T1,143573423,Kit Completo Ducha Bidet Arabe,Largo del paquete del seller,7 cm
010801004-T1,143573423,Kit Completo Ducha Bidet Arabe,Peso del paquete del seller,592 g
010801004-T1,143573423,Kit Completo Ducha Bidet Arabe,Ancho del paquete del seller,21 cm
010801004-T1,143573423,Kit Completo Ducha Bidet Arabe,SKU,010801004-T
010801004-T1,143573423,Kit Completo Ducha Bidet Arabe,Embalaje del envío,Bolsa
010801004-T1,143573423,Kit Completo Ducha Bidet Arabe,Garantía,Garantía legal 6 meses
010801004-T1,143573423,Kit Completo Ducha Bidet Arabe,País de origen,China
010801004-T1,143573423,Kit Completo Ducha Bidet Arabe,Material,ABS y latón cromado
010801004-T1,143573423,Kit Completo Ducha Bidet Arabe,Color,Cromado
010801004-T1,143573423,Kit Completo Ducha Bidet Arabe,Tipo de instalación,Mural
010801004-T1,143573423,Kit Completo Ducha Bidet Arabe,_ML_item,MLC580266262
010801004-T1,143573423,Kit Completo Ducha Bidet Arabe,_ML_permalink,https://articulo.mercadolibre.cl/MLC-580266262-kit-completo-ducha-bidet-arabe-_JM
030101051-T1,146928175,FLEXIBLE AGUA HE HI 1/2 35 CM,Fabricante,Täumm
030101051-T1,146928175,FLEXIBLE AGUA HE HI 1/2 35 CM,Tipo de paquete del seller,Con embalaje adicional
030101051-T1,146928175,FLEXIBLE AGUA HE HI 1/2 35 CM,Marca,Trade
030101051-T1,146928175,FLEXIBLE AGUA HE HI 1/2 35 CM,Código universal de producto,752853002068
030101051-T1,146928175,FLEXIBLE AGUA HE HI 1/2 35 CM,Condición del ítem,Nuevo
030101051-T1,146928175,FLEXIBLE AGUA HE HI 1/2 35 CM,Modelo,HI-HE 35 cm
030101051-T1,146928175,FLEXIBLE AGUA HE HI 1/2 35 CM,Altura del paquete,2.8 cm
030101051-T1,146928175,FLEXIBLE AGUA HE HI 1/2 35 CM,Largo del paquete,14.6 cm
030101051-T1,146928175,FLEXIBLE AGUA HE HI 1/2 35 CM,Peso del paquete,100 g
030101051-T1,146928175,FLEXIBLE AGUA HE HI 1/2 35 CM,Ancho del paquete,16.4 cm
030101051-T1,146928175,FLEXIBLE AGUA HE HI 1/2 35 CM,Fuente del producto,Importado
030101051-T1,146928175,FLEXIBLE AGUA HE HI 1/2 35 CM,Características del producto,Sin vencimiento
030101051-T1,146928175,FLEXIBLE AGUA HE HI 1/2 35 CM,Altura del paquete del seller,16 cm
030101051-T1,146928175,FLEXIBLE AGUA HE HI 1/2 35 CM,Largo del paquete del seller,3 cm
030101051-T1,146928175,FLEXIBLE AGUA HE HI 1/2 35 CM,Peso del paquete del seller,100 g
030101051-T1,146928175,FLEXIBLE AGUA HE HI 1/2 35 CM,Ancho del paquete del seller,15 cm
030101051-T1,146928175,FLEXIBLE AGUA HE HI 1/2 35 CM,SKU,030101051-T
030101051-T1,146928175,FLEXIBLE AGUA HE HI 1/2 35 CM,Embalaje del envío,Caja
030101051-T1,146928175,FLEXIBLE AGUA HE HI 1/2 35 CM,Voltaje,No aplica
030101051-T1,146928175,FLEXIBLE AGUA HE HI 1/2 35 CM,Garantía,Garantía legal 6 meses
030101051-T1,146928175,FLEXIBLE AGUA HE HI 1/2 35 CM,País de origen,China
030101051-T1,146928175,FLEXIBLE AGUA HE HI 1/2 35 CM,Material,"Malla de acero inoxidable 304, tubo interior PVC"
030101051-T1,146928175,FLEXIBLE AGUA HE HI 1/2 35 CM,Color,Plateado
030101051-T1,146928175,FLEXIBLE AGUA HE HI 1/2 35 CM,_ML_item,MLC1123103389
030101051-T1,146928175,FLEXIBLE AGUA HE HI 1/2 35 CM,_ML_permalink,https://articulo.mercadolibre.cl/MLC-1123103389-flexible-agua-hi-he-12-35-cm-_JM
030101051-T1,146928175,FLEXIBLE AGUA HE HI 1/2 35 CM,Dimensiones,"Largo: 35 cm (conexión 1/2"")"
