fecha,hora,dia_semana,sku,nombre,categoria,precio,tipo_caption,image_url,product_url,caption_chars,hashtags
2026-05-20,19:00,miercoles,100501027-T,Receptor de Ducha Esquinero Curvo Antideslizante Acrílico Blanco 80x120 Der,Shower/Mamparas/Receptaculos,81396,emocional,https://victtorino.cl/wp-content/uploads/2026/04/Base-1.webp,https://victtorino.cl/producto/receptor-de-ducha-esquinero-curvo-antideslizante-acrilico-blanco-80x120-der/,1206,#victtorino #remodelacionbano #banodemisuenos #duchanueva #hogarmoderno #interioreschilenos #remodelacion #banoinspo #espaciosvitales #disenohogar #mamparasducha #banominimalista
2026-05-21,19:00,jueves,100501026-T,Receptor de Ducha Esquinero Curvo Antideslizante Acrílico Blanco 90x90,Shower/Mamparas/Receptaculos,67829,emocional,https://victtorino.cl/wp-content/uploads/2026/04/Base-1.webp,https://victtorino.cl/producto/receptor-de-ducha-esquinero-curvo-antideslizante-acrilico-blanco-90x90/,1298,#victtorino #remodelacionbano #banomoderno #inspiracionbano #duchaideал #receptordeducha #disenointerior #bañoschiле #homedecor #remodelacionhogar #espaciosvitales #banoconestilo
2026-05-22,19:00,viernes,010703013-T,"Espejo 70 x 100 cm, 3 Luces Led Distintas",Espejos,53796,emocional,https://victtorino.cl/wp-content/uploads/2026/03/espejo-70x100-3-luces-led-victtorino-chile-01.webp,https://victtorino.cl/producto/espejo-70-x-100-cm-3-luces-led-distintas/,1279,#Victtorino #EspejoConLuz #RemodelaciónBaño #BañoModerno #DecoracionBaño #EspejoLED #TransformatuEspacio #InspiraccionHogar #BañoDeEnsueño #DiseñoInterior #HogarChileno #RemodelacionChile
2026-05-23,19:00,sabado,010703002-T,Espejo Rectangular 45 x 60 cm Con Luz Led,Espejos,43367,emocional,https://victtorino.cl/wp-content/uploads/2026/03/espejo-rectangular-45x60-luz-led-chile-01.webp,https://victtorino.cl/producto/espejo-rectangular-45-x-60-cm-con-luz-led/,1226,#victtorino #espejosconluz #remodelacionbaño #diseñodeinteriores #bañomoderno #inspiraciónhogar #espejoled #decoracionhogar #hogarconestilo #remodelaciónchile #diseñochileno #homedecor
2026-05-24,19:00,domingo,040204002-T,Llave Monomando de Tina Ducha Doménica,Griferia,38122,emocional,https://victtorino.cl/wp-content/uploads/2026/03/Llave-Monomando-de-Tina-Ducha-Domenica-1.webp,https://victtorino.cl/producto/llave-monomando-de-tina-ducha-domenica/,1255,#Victtorino #RemodelaciónBaño #GriferíaChile #BañoDeEnsueño #DiseñoDeInteriores #TuEspacioTuEstilo #LlaveDucha #HogarChile #RemodelaciónHogar #InspiraciónHogar #BañoModerno #TiendaChile
2026-05-25,19:00,lunes,040202004-T,Monomando Lavamanos Alto Modern Pituto Cromado,Griferia,37767,emocional,https://victtorino.cl/wp-content/uploads/2026/03/monomando-lavatorio-alto-modern-pituto-cromado-victtorino-chile.webp,https://victtorino.cl/producto/monomando-lavamanos-alto-modern-pituto-cromado/,1256,#Victtorino #RemodelacionBaño #GriferiaModerna #BañoSoñado #DecoracionHogar #InspoHogar #MonomandoCromado #BañoElegante #TuHogarTuEstilo #RemodelacionChile #HogarChileno #DiseñoDeInteriores
2026-05-26,19:00,martes,010703008-T,Espejo Rectangular 60 x 90 cm Con Diseño De Ondas,Espejos,36117,emocional,https://victtorino.cl/wp-content/uploads/2026/03/espejo-rectangular-60x90-diseno-ondas-victtorino-chile-01.webp,https://victtorino.cl/producto/espejo-rectangular-60-x-90-cm-con-diseno-de-ondas/,1095,#VicttorinoChile #EspejoDeOndas #BañoSoñado #DecoracionBaño #RemodelacionHogar #EspejoRectangular #HogarConEstilo #InspiraccionDeco #BañoModerno #TransformatuEspacio #DecoHogar #ChileHogar
2026-05-27,19:00,miercoles,020101002-T,Lavaplatos Simple Empotrado 100x44 cm Secador Izquierdo,Lavaplatos,33116,emocional,https://victtorino.cl/wp-content/uploads/2026/03/Lavaplatos-Simple-Empotrado-100x44-cm-Secador-Izquierdo-1.webp,https://victtorino.cl/producto/lavaplatos-simple-empotrado-100x44-cm-secador-izquierdo/,1050,#victtorino #remodelacióncocina #cocinamoderna #lavaplatos #hogarsoñado #diseñodeinteriores #cocinanueva #renovatuhogar #inspiraciónhogar #interiorismo #homedecor #tiendaonlinechile
2026-05-28,19:00,jueves,020101001-T,Lavaplatos Simple Empotrado 100x44 cm Secador Derecho,Lavaplatos,33116,emocional,https://victtorino.cl/wp-content/uploads/2026/03/Lavaplatos-Simple-Empotrado-100x44-cm-Secador-Derecho-1-1.webp,https://victtorino.cl/producto/lavaplatos-simple-empotrado-100x44-cm-secador-derecho/,1191,#Victtorino #RemodelacionCocina #CocinaDeEnsueño #LavaplatasEmpotrado #CocinaModerna #HogarChileno #TransformatuCocina #DecoracionHogar #CocinaMinimalista #RemodelacionHogar #NuevasCocinas #ViveMejor
2026-05-29,19:00,viernes,020101003-T,Lavaplatos Empotrado 80x44 Secador Derecho,Lavaplatos,30170,emocional,https://victtorino.cl/wp-content/uploads/2026/03/Lavaplatos-Empotrado-Simple-80×44-Inoxidable-Derecho-1.webp,https://victtorino.cl/producto/lavaplatos-empotrado-80x44-secador-derecho/,1216,#Victtorino #RemodelacionCocina #CocinaChilena #InspiracioHogar #DisenoDeInteriores #CocinaModerna #Lavaplatos #HogarSonado #RenovaTuCocina #DetallesQueTransforman #CocinaConEstilo #HogarChileno
2026-05-30,19:00,sabado,040201009-T,Llave Monomando Lavaplatos Vertical Notte Negro,Griferia,29833,emocional,https://victtorino.cl/wp-content/uploads/2026/03/llave-monomando-lavaplatos-vertical-notte-negro-victtorino-chile.webp,https://victtorino.cl/producto/llave-monomando-lavaplatos-vertical-notte-negro/,1294,#VicttorinoChile #GriferiaChile #CocinaDecorada #RemodelacionCocina #DetallesQueInspiran #NegritoMate #CocinaModerna #DisenoDeInteriores #RemodelacionHogar #AccesoriosCocina #InspiracioHogar #CocinaConEstilo
2026-05-31,19:00,domingo,040204003-T,Llave Monomando de Tina Ducha Colomba,Griferia,28580,emocional,https://victtorino.cl/wp-content/uploads/2026/03/Llave-Monomando-de-Tina-Ducha-Colomba-1.png,https://victtorino.cl/producto/llave-monomando-de-tina-ducha-colomba/,1084,#victtorino #remodelacionbano #griferiadesign #bañosmodernos #tinabano #diseñohogar #remodelaciónhogar #inspiraciondeco #banosinspirados #hogarconestilo #griferiadebano #proyectodeco
2026-06-01,19:00,lunes,040201008-T,Llave Monomando Lavaplatos Vertical Inoxidable,Griferia,28428,emocional,https://victtorino.cl/wp-content/uploads/2026/03/Llave-Monomando-Lavaplatos-Vertical-Inoxidable-1.webp,https://victtorino.cl/producto/llave-monomando-lavaplatos-vertical-inoxidable/,1182,#VicttorinoChile #RemodelacionCocina #GriferiaChile #CocinaSoñada #DiseñoDeInteriores #HogarModerno #CocinaModerna #DetallesQueImportan #RemodelacionHogar #EstiloEnCasa
2026-06-02,19:00,martes,040202007-T,Llave Monomando Lavamanos Modern Paleta Inoxidable,Griferia,25235,emocional,https://victtorino.cl/wp-content/uploads/2026/03/llave-monomando-lavatorio-modern-paleta-inox-victtorino-chile.webp,https://victtorino.cl/producto/llave-monomando-lavamanos-modern-paleta-inoxidable/,1182,#victtorino #remodelaciónbano #griferiamoderna #decoracionbano #banochistoso #diseñointeriores #lavamanos #homedecor #renovacionhogar #estiloenchile #griferiachile #banomoderno
2026-06-03,19:00,miercoles,040201007-T,Llave Monomando Lavaplatos Vertical Domenica,Griferia,23568,emocional,https://victtorino.cl/wp-content/uploads/2026/03/monomando-lavaplatos-vertical-domenica-victtorino-chile.webp,https://victtorino.cl/producto/llave-monomando-lavaplatos-vertical-domenica/,1248,#Victtorino #GriferiaChile #RemodelacionCocina #CocinaModerna #DecoHogar #InspiracioHogar #LlaveDomenica #EspaciosQueEnamoran #CocinaDeEnsueño #DisenoDeInteriores #HogarChileno #TransformatuEspacio
2026-06-04,19:00,jueves,040301002-T,Llave Lavatorio Temporizada al Muro,Griferia,23368,emocional,https://victtorino.cl/wp-content/uploads/2026/03/llave-lavatorio-temporizada-al-muro-victtorino-chile-01.webp,https://victtorino.cl/producto/llave-lavatorio-temporizada-al-muro/,1304,#Victtorino #RemodelacionBano #GriferiaDiseño #BanoModerno #InspiracíonHogar #TransformatuEspacio #DecoracionBano #HogarChileno #GriferiaChile #EspaciosQueInspiran #DiseñoDeInteriores #RemodelacionChile
2026-06-05,19:00,viernes,040202006-T,Monomando Lavamanos Domenica,Griferia,21216,emocional,https://victtorino.cl/wp-content/uploads/2026/03/monomando-lavatorio-domenica-victtorino-chile.webp,https://victtorino.cl/producto/monomando-lavamanos-domenica/,1109,#VicttorinoChile #RemodelaciónHogar #BañoDeEnsueño #GriferiaChile #MonomandoLavamanos #DecoracionBaño #HogarModerno #TransformatuEspacio #DiseñoDeInteriores #BañoNuevo #EspaciosQueInspiran
2026-06-06,19:00,sabado,040203018-C,Llave Monomando Lavamanos Alto Modern Pituto Negro,Griferia,20929,emocional,https://victtorino.cl/wp-content/uploads/2026/03/llave-monomando-lavamanos-alto-modern-pituto-negro-victtorino-chile-4.webp,https://victtorino.cl/producto/llave-monomando-lavamanos-alto-modern-pituto-negro/,1259,#Victtorino #GriferiaDeDiseno #BañoModerno #RemodelaciónHogar #DecoracionBano #NegroMate #DisenoDeInteriores #HogarChileno #InspoHogar #BañoSoñado #AmbientacionHogar #EstiloModerno
2026-06-07,19:00,domingo,040201005-T,Llave Monomando Lavaplatos Vertical Profesional,Griferia,100680,emocional,https://victtorino.cl/wp-content/uploads/2026/03/llave-monomando-lavaplatos-vertical-profesional-chile-llave-monomando-lavaplatos-vertical-profesional-chile-03.webp,https://victtorino.cl/producto/llave-monomando-lavaplatos-vertical-profesional/,1299,#VICTTORINO #GriferiaProfesional #RemodelacionCocina #CocinaDecorada #HogarModerno #GriferiadeCalidad #TransformatuHogar #CocinaChilena #DisenoDeInteriores #DetallesQueImportan #RemodelacionHogar
2026-06-08,19:00,lunes,100501028-T,Receptor de Ducha Esquinero Curvo Antideslizante Acrílico Blanco 80x120 Izq,Shower/Mamparas/Receptaculos,81396,emocional,https://victtorino.cl/wp-content/uploads/2026/04/Base-1.webp,https://victtorino.cl/producto/receptor-de-ducha-esquinero-curvo-antideslizante-acrilico-blanco-80x120-izq/,976,#victtorino #remodelaciónbaño #ducthamoderna #diseñodeinteriores #bañosdeensueño #hogarconestilo #renovatuespacio #receptaculoducha #bañobonito #interioreschile #diseñochile #remodelacionchile
2026-06-09,19:00,martes,100501025-T,Receptor de Ducha Esquinero Curvo Antideslizante Acrílico Blanco 80x80,Shower/Mamparas/Receptaculos,54264,emocional,https://victtorino.cl/wp-content/uploads/2026/04/Base-1.webp,https://victtorino.cl/producto/receptor-de-ducha-esquinero-curvo-antideslizante-acrilico-blanco-80x80/,1164,#victtorino #remodelacióndebaño #bañomoderno #duchaperfecta #diseñodeinteriores #homedecor #bañosdiseño #remodelacionhogar #interioresminimalistas #duchaesquinera #bañosdechile #hogarmoderno
2026-06-10,19:00,miercoles,010703007-T,Espejo Rectangular 60 x 90 cm Con Borde Azul Y Líneas Celestes,Espejos,53406,emocional,https://victtorino.cl/wp-content/uploads/2026/03/espejo-rectangular-60x90-borde-azul-lineas-celestes-chile-01.webp,https://victtorino.cl/producto/espejo-rectangular-60-x-90-cm-con-borde-azul-y-lineas-celestes/,1259,#VicttorinoChile #EspejoDecoración #BañoSoñado #DecoBaño #RemodelacionHogar #EstiloEnCasa #DecoHogar #EspejoAzul #TransformatuEspacio #DecoracionChile #HogarConEstilo #InspoDecoración
2026-06-11,19:00,jueves,010703014-T,Espejo Circular 60 cm Led Triple  Borde Metal,Espejos,44965,emocional,https://victtorino.cl/wp-content/uploads/2026/03/espejo-circ-60-cm-led-triple-bord-metal-victtorino-chile.webp,https://victtorino.cl/producto/espejo-circular-60-cm-led-triple-borde-metal/,1208,#VicttorinoChile #EspejoLed #RemodelaciónBaño #BañoModerno #EspejoCircular #DecoracionInterior #BañoDeEnsueño #TransformatuEspacio #EspejoConLuz #DiseñoChileno #RemodelacionHogar #EspejoMetalico
2026-06-12,19:00,viernes,010704016-T,Monomando Tina Ducha Notte,Griferia,40024,emocional,https://victtorino.cl/wp-content/uploads/2026/03/monomando-tina-ducha-notte-victtorino-chile-01.webp,https://victtorino.cl/producto/monomando-tina-ducha-notte/,1060,#VicttorinoChile #RemodelacionBaño #BañoDeEnsueño #GriferiaDeDiseño #DecoracionBaño #BañoModerno #InspiraccionHogar #RemodelacionHogar #DiseñoDeInteriores #HogarSoñado #BañoElegante #DetallesQueImportan
2026-06-13,19:00,sabado,040202002-T,Llave Monomando Lavamanos Alto Notte Negro,Griferia,39574,emocional,https://victtorino.cl/wp-content/uploads/2026/03/llave-monomando-ducha-modern-inoxidable-victtorino-chile-01.webp,https://victtorino.cl/producto/llave-monomando-lavamanos-alto-notte-negro/,1107,#Victtorino #GriferiaChile #BañoNegro #RemodelacionBaño #DiseñoDeInteriores #BañoDeEnsueño #DecoracionChile #GriferiaDeDiseno #AmbientesBonitos #InspoHogar #RemodelacionHogar #EstiloEnCadaDetalle
2026-06-14,19:00,domingo,010201001-T,Lavamanos Cristal Sobrepuesto 415 x 415 mm,Lavamanos,38307,emocional,https://victtorino.cl/wp-content/uploads/2026/03/lavamano-cristal-sobrepuesto-415x415-victtorino-chile-01.webp,https://victtorino.cl/producto/lavamanos-cristal-sobrepuesto-415-x-415-mm/,1340,#Victtorino #LavamanosCristal #RemodelacionBano #BanoDeEnsueño #DisenoDeInteriores #BanoModerno #TransformaTuHogar #DecoracionChile #RemodelacionChile #HogarChile #InspoHogar #TuBanoMerece
2026-06-15,19:00,lunes,040202003-T,Monomando lavamano alto inoxidable,Griferia,35216,emocional,https://victtorino.cl/wp-content/uploads/2026/03/llave-monomando-lavatorio-alto-modern-paleta-inox-victtorino-chile.webp,https://victtorino.cl/producto/monomando-lavamano-alto-inoxidable/,1143,#Victtorino #GriferiaChile #RemodelaciónBaño #BañoModerno #DecoracionHogar #InspiracionBaño #HogarChile #DiseñoDeInteriores #GriferiaInoxidable #RemodelacionHogar #EstiloEnCasa #TuBañoIdeal
2026-06-16,19:00,martes,010704017-T,Monomando Ducha Notte Taumm,Griferia,34109,emocional,https://victtorino.cl/wp-content/uploads/2026/03/monomando-ducha-notte-victtorino-chile.webp,https://victtorino.cl/producto/monomando-ducha-notte-taumm/,1202,#VicttorinoChile #RemodelacionBaño #GriferiaChile #BañoDeEnsueño #DecoracionBaño #TaumChile #MonomandoDucha #BañoModerno #RenovaTuEspacio #InspiraccionHogar #DiseñoDeInteriores #HogarChile
2026-06-17,19:00,miercoles,040203005-T,Llave Monomando Ducha Empotrada Dusseldorf,Griferia,30764,emocional,https://victtorino.cl/wp-content/uploads/2026/03/llave-monomando-ducha-empotrada-dusseldorf-victtorino-chile.webp,https://victtorino.cl/producto/llave-monomando-ducha-empotrada-dusseldorf/,1133,#Victtorino #RemodelacionBaño #GriferiaDiseño #BañoSoñado #DecoHogar #InteriorChile #RemodelacionHogar #BañoModerno #DiseñoDeInteriores #HogarChile #GriteriaEmpotrada #EstiloEnCadaDetalle
2026-06-18,19:00,jueves,040202008-T,Llave Monomando Lavamanos Modern Pituto Cromado,Griferia,30707,emocional,https://victtorino.cl/wp-content/uploads/2026/03/llave-monomando-lavatorio-modern-pituto-cromado-victtorino-chile.webp,https://victtorino.cl/producto/llave-monomando-lavamanos-modern-pituto-cromado/,1199,#victtorino #remodelacionbano #griferia #decoracionbano #banomoderno #diseñointerior #lavamanos #remodelacionhogar #hogarconestilo #interiores #tipsdecoracion #griferiacromada
2026-06-19,19:00,viernes,020101004-T,Lavaplatos Empotrado 80x44 cm Secador Izquierdo,Lavaplatos,30170,emocional,https://victtorino.cl/wp-content/uploads/2026/03/Lavaplatos-Empotrado-80×44-cm-Secador-Izquierdo-1.webp,https://victtorino.cl/producto/lavaplatos-empotrado-80x44-cm-secador-izquierdo/,1288,#Victtorino #RemodelacionCocina #CocinaDeEnsueño #HogarChileno #LavaPlatosEmpotrado #DiseñoDeInteriores #CocinaModerna #TransformatuHogar #RemodelaciónHogar #DecoracionCocina #HogarSoñado
2026-06-20,19:00,sabado,040202001-T,Llave Monomando Lavamanos Notte Negro,Griferia,30151,emocional,https://victtorino.cl/wp-content/uploads/2026/03/llave-monomando-lavatorio-notte-negro-victtorino-chile.webp,https://victtorino.cl/producto/llave-monomando-lavamanos-notte-negro/,1316,#VicttorinoChile #BañoDeEnsueño #RemodelaciónHogar #GriferiaDesign #NegróMate #DecoracionBaño #BañoModerno #InspoHogar #DetallesQueEnamoran #HogarConEstilo #DiseñoInterior #TransformatuEspacio
2026-06-21,19:00,domingo,040203001-T,Llave Monomando Ducha al Muro Notte Negro,Griferia,25767,emocional,https://victtorino.cl/wp-content/uploads/2026/03/Llave-Monomando-Ducha-al-Muro-Notte-Negro-1.webp,https://victtorino.cl/producto/llave-monomando-ducha-al-muro-notte-negro/,1198,#victtorino #remodelacionbaño #griferiachile #bañonegro #diseñodeinteriores #bañominimalista #decoracionhogar #remodelacionhogar #bañomoderno #inspiraciónhogar #homedecorchile #griferianegra
2026-06-22,19:00,lunes,010704015-T,Set Accesorios De Baños Notte (6 Piezas),Accesorios,25400,emocional,https://victtorino.cl/wp-content/uploads/2026/03/set-accesorios-de-banos-notte-6-piezas-victtorino-chile.webp,https://victtorino.cl/producto/set-accesorios-de-banos-notte-6-piezas/,1003,#AccesoriosDeBaño #RemodelacionHogar #BañoModerno #SetNotte #Victtorino #DecoracionBaño #HogarChileno #DiseñoDeInteriores #BañoDeEnsueño #TransformatuEspacio #AmbientesQueInspiran
2026-06-23,19:00,martes,040501002-T,Cuello Cisne Lavaplatos Con Tuerca Hilo 12,Griferia,25145,emocional,https://victtorino.cl/wp-content/uploads/2026/03/Cuello-Cisne-Lavaplatos-Con-Tuerca-Hilo-12-1.webp,https://victtorino.cl/producto/cuello-cisne-lavaplatos-con-tuerca-hilo-12/,1203,#victtorino #griferia #remodelacióncocina #cocinaschilenas #diseñococina #inspiraciónhogar #hogarmoderno #lavaplatos #decoracioncocina #renovatuhogar #chiledeco #ambientesqueinspiranv
2026-06-24,19:00,miercoles,010703004-T,Espejo Rectangular 50 x 70 cm Con Luz Led,Espejos,23582,emocional,https://victtorino.cl/wp-content/uploads/2026/03/espejo-rectangular-50x70-luz-led-victtorino-chile-01.webp,https://victtorino.cl/producto/espejo-rectangular-50-x-70-cm-con-luz-led/,1194,#victtorino #espejoconluz #espejoled #remodelacionbano #decoracionbano #banomoderno #espejobaño #disenointeriores #homedecor #renovacionhogar #bañodiseño #inspiracionhogar
2026-06-25,19:00,jueves,020301002-T,Llave Lavadero Lavadora Doble 3/4,Griferia,20725,emocional,https://victtorino.cl/wp-content/uploads/2026/03/llave-lavadero-lavadora-doble-3-4-victtorino-chile.webp,https://victtorino.cl/producto/llave-lavadero-lavadora-doble-3-4/,1275,#Victtorino #Griferia #Remodelacion #HogarChileno #DecoracionHogar #EspaciosQueInspiran #CocinaChilena #HogarSonado #RemodelacionChile #DetallesQueTransforman #TuHogar #DisenoDeInteriores
2026-06-26,19:00,viernes,040201006-T,Llave Monomando Lavaplatos Vertical Colomba,Griferia,16007,emocional,https://victtorino.cl/wp-content/uploads/2026/03/Llave-Monomando-Lavaplatos-Vertical-Colomba-1.webp,https://victtorino.cl/producto/llave-monomando-lavaplatos-vertical-colomba/,1134,#Victtorino #RemodelaciónCocina #CocinaChilena #GriferiaDiseño #CocinaModerna #DecoracionHogar #HogarConEstilo #RemodelacionHogar #CocinaDeEnsueño #GriferiaChile #DiseñoDeInteriores #TransformatuHogar
2026-06-27,19:00,sabado,020101002-C,Lavaplatos empotrado de 37x32 chocolate,Lavaplatos,13565,emocional,https://victtorino.cl/wp-content/uploads/2026/03/lavaplatos-chocolate-nuevo.webp,https://victtorino.cl/producto/lavaplatos-empotrado-de-37x32-chocolate/,1201,#victtorino #remodelacióncocina #lavaplatos #cocinachilena #diseñodeinteriores #hogarconestilo #remodelacionhogar #cocinasmodernas #decoracioncocina #transformatuhogar #accesorioscocina #hogardulcehogar
2026-06-28,19:00,domingo,100501027-T,Receptor de Ducha Esquinero Curvo Antideslizante Acrílico Blanco 80x120 Der,Shower/Mamparas/Receptaculos,81396,tecnico,https://victtorino.cl/wp-content/uploads/2026/04/Base-1.webp,https://victtorino.cl/producto/receptor-de-ducha-esquinero-curvo-antideslizante-acrilico-blanco-80x120-der/,1451,#ReceptorDeDucha #DuchaEsquinera #AcrilicoBaño #RemodelacionBaño #MamparasDucha #BañoModerno #Victtorino #GriferiasChile #AccesoriosBaño #DuchaAcrilica #BañoEsquinero #TiendaBañoChile
2026-06-29,19:00,lunes,100501026-T,Receptor de Ducha Esquinero Curvo Antideslizante Acrílico Blanco 90x90,Shower/Mamparas/Receptaculos,67829,tecnico,https://victtorino.cl/wp-content/uploads/2026/04/Base-1.webp,https://victtorino.cl/producto/receptor-de-ducha-esquinero-curvo-antideslizante-acrilico-blanco-90x90/,1304,#receptordeducha #duchaesquinera #mamparasdeducha #acrilicosanitario #bañomoderno #receptoracrilico #duchas90x90 #instalaciónducha #victtorino #griferiaschile #bañochile #tiendabañochile
2026-06-30,19:00,martes,010703013-T,"Espejo 70 x 100 cm, 3 Luces Led Distintas",Espejos,53796,tecnico,https://victtorino.cl/wp-content/uploads/2026/03/espejo-70x100-3-luces-led-victtorino-chile-01.webp,https://victtorino.cl/producto/espejo-70-x-100-cm-3-luces-led-distintas/,1236,#EspejoLED #EspejoBano #EspejoConLuz #IluminacionBano #EspejoIluminado #AccesoriosBano #BanoModerno #VICTTORINO #TiendaBanoChile #EspejoChile #DisenioBano #RemodelacionBano
2026-07-01,19:00,miercoles,010703002-T,Espejo Rectangular 45 x 60 cm Con Luz Led,Espejos,43367,tecnico,https://victtorino.cl/wp-content/uploads/2026/03/espejo-rectangular-45x60-luz-led-chile-01.webp,https://victtorino.cl/producto/espejo-rectangular-45-x-60-cm-con-luz-led/,1204,#espejoconluzled #espejobaño #espejoled #iluminacionbaño #espejosmurales #bañomoderno #accesoriosbaño #victtorino #espejoschile #decoracionbaño #bañochile #griferiaschile
2026-07-02,19:00,jueves,040204002-T,Llave Monomando de Tina Ducha Doménica,Griferia,38122,tecnico,https://victtorino.cl/wp-content/uploads/2026/03/Llave-Monomando-de-Tina-Ducha-Domenica-1.webp,https://victtorino.cl/producto/llave-monomando-de-tina-ducha-domenica/,1504,#GriferiaChile #LlaveMonomando #TinaConDucha #GriferiaDomenica #BañoChile #InstalacionSanitaria #GriferiaDeCalidad #RemodelacionBaño #Victtorino #MaterialesDeConstruccion #GriferiaModerna
2026-07-03,19:00,viernes,040202004-T,Monomando Lavamanos Alto Modern Pituto Cromado,Griferia,37767,tecnico,https://victtorino.cl/wp-content/uploads/2026/03/monomando-lavatorio-alto-modern-pituto-cromado-victtorino-chile.webp,https://victtorino.cl/producto/monomando-lavamanos-alto-modern-pituto-cromado/,1371,#griferia #monomando #lavamanos #banomoderno #griferiacromada #instalacionbano #accesoriosbano #griferiachiena #victtorino #reforma bano #pitutocromado #disenointerior
2026-07-04,19:00,sabado,010703008-T,Espejo Rectangular 60 x 90 cm Con Diseño De Ondas,Espejos,36117,tecnico,https://victtorino.cl/wp-content/uploads/2026/03/espejo-rectangular-60x90-diseno-ondas-victtorino-chile-01.webp,https://victtorino.cl/producto/espejo-rectangular-60-x-90-cm-con-diseno-de-ondas/,1110,#EspejoRectangular #EspejoDeOndas #EspejoBaño #EspejoDecorativo #RemodelacionBaño #AccesoriosBaño #VicttorinoChile #TiendaBaño #EspejoChile #DecoracionBaño #BañoModerno #EspejoConMarco
2026-07-05,19:00,domingo,020101002-T,Lavaplatos Simple Empotrado 100x44 cm Secador Izquierdo,Lavaplatos,33116,tecnico,https://victtorino.cl/wp-content/uploads/2026/03/Lavaplatos-Simple-Empotrado-100x44-cm-Secador-Izquierdo-1.webp,https://victtorino.cl/producto/lavaplatos-simple-empotrado-100x44-cm-secador-izquierdo/,1466,#lavaplatos #lavaplatos empotrado #lavaplatos cocina #mesondeccocina #accesorioscocina #griferiaschile #cocinaremodelada #disenointerior #proyectococina #victtorino #tiendacocina #materialescocina
2026-07-06,19:00,lunes,020101001-T,Lavaplatos Simple Empotrado 100x44 cm Secador Derecho,Lavaplatos,33116,tecnico,https://victtorino.cl/wp-content/uploads/2026/03/Lavaplatos-Simple-Empotrado-100x44-cm-Secador-Derecho-1-1.webp,https://victtorino.cl/producto/lavaplatos-simple-empotrado-100x44-cm-secador-derecho/,1145,#lavaplatos #lavaplatorempotrado #grифería #cocina #remodelacioncocina #construccion #accesorioscocina #mesóncocina #victtorino #lavaplatorchile #instalacioncocina #proyectoshogar
2026-07-07,19:00,martes,020101003-T,Lavaplatos Empotrado 80x44 Secador Derecho,Lavaplatos,30170,tecnico,https://victtorino.cl/wp-content/uploads/2026/03/Lavaplatos-Empotrado-Simple-80×44-Inoxidable-Derecho-1.webp,https://victtorino.cl/producto/lavaplatos-empotrado-80x44-secador-derecho/,1328,#lavaplatos #lavaplatos80x44 #lavaplatos empotrado #aceroinoxidable #cocina #remodelacion #mueblesdecocinaChile #griferiaChile #victtorino #instalacioncocina #equipamientococina #Chile
2026-07-08,19:00,miercoles,040201009-T,Llave Monomando Lavaplatos Vertical Notte Negro,Griferia,29833,tecnico,https://victtorino.cl/wp-content/uploads/2026/03/llave-monomando-lavaplatos-vertical-notte-negro-victtorino-chile.webp,https://victtorino.cl/producto/llave-monomando-lavaplatos-vertical-notte-negro/,1414,#GriferiaChile #LlaveMonomando #NegroMate #GriferiaDeCalidad #CocinaModerna #RemodelacionCocina #Victtorino #GriferiaNotte #InstalacionFacil #CocinaChile #AcabadoNegro #MaterialesDeCalidad
2026-07-09,19:00,jueves,040204003-T,Llave Monomando de Tina Ducha Colomba,Griferia,28580,tecnico,https://victtorino.cl/wp-content/uploads/2026/03/Llave-Monomando-de-Tina-Ducha-Colomba-1.png,https://victtorino.cl/producto/llave-monomando-de-tina-ducha-colomba/,1439,#GriferiaChile #LlaveMonomando #TinaDucha #GriferiaProfesional #BañoModerno #RemodelacionBaño #Victtorino #GriferiaDeCalidad #InstalacionSanitaria #AccesoriosBaño #ConstruccionChile #MejoraTuBaño
2026-07-10,19:00,viernes,040201008-T,Llave Monomando Lavaplatos Vertical Inoxidable,Griferia,28428,tecnico,https://victtorino.cl/wp-content/uploads/2026/03/Llave-Monomando-Lavaplatos-Vertical-Inoxidable-1.webp,https://victtorino.cl/producto/llave-monomando-lavaplatos-vertical-inoxidable/,1361,#griferia #lavaplatos #llavemonomando #aceroinoxidable #greferiacocina #instalacioncocina #remodelacioncocina #greferiachilenaa #victtorino #cocina #materialescocina #griferiacalidad
2026-07-11,19:00,sabado,040202007-T,Llave Monomando Lavamanos Modern Paleta Inoxidable,Griferia,25235,tecnico,https://victtorino.cl/wp-content/uploads/2026/03/llave-monomando-lavatorio-modern-paleta-inox-victtorino-chile.webp,https://victtorino.cl/producto/llave-monomando-lavamanos-modern-paleta-inoxidable/,1350,#griferia #llavemonomando #lavamanos #griferiamoderna #inoxidable #bano #instalaciongriferia #gasfiter #griferiadebano #victtorino #accesoriosbano #Chile
2026-07-12,19:00,domingo,040201007-T,Llave Monomando Lavaplatos Vertical Domenica,Griferia,23568,tecnico,https://victtorino.cl/wp-content/uploads/2026/03/monomando-lavaplatos-vertical-domenica-victtorino-chile.webp,https://victtorino.cl/producto/llave-monomando-lavaplatos-vertical-domenica/,1294,#Griferia #LlaveMonomando #GriferiaChile #Lavaplatos #CocinaChile #RenovacionCocina #GriferiacocIna #Victtorino #MaterialesContruccion #InstalaciónFácil #GriferiaDeCalidad #TiendaOnlineChile
2026-07-13,19:00,lunes,040301002-T,Llave Lavatorio Temporizada al Muro,Griferia,23368,tecnico,https://victtorino.cl/wp-content/uploads/2026/03/llave-lavatorio-temporizada-al-muro-victtorino-chile-01.webp,https://victtorino.cl/producto/llave-lavatorio-temporizada-al-muro/,1523,#GriferiaChile #LlaveTemporizada #GriferiaTecnica #InstalacionAlMuro #EficienciaHidrica #ProyectosComerciales #GriferiaProfesional #Victtorino #BanoComercial #AhorroDeAgua #GriferiaEmpotrada #ConstruccionChile
2026-07-14,19:00,martes,040202006-T,Monomando Lavamanos Domenica,Griferia,21216,tecnico,https://victtorino.cl/wp-content/uploads/2026/03/monomando-lavatorio-domenica-victtorino-chile.webp,https://victtorino.cl/producto/monomando-lavamanos-domenica/,1363,#Victtorino #MonomandoLavamanos #GriferiaChile #Domenica #GriferiaBano #InstalacionSanitaria #RemodelacionBano #ConstruccionChile #GriferiaResidencial #MaterialesBano #ProyectosDeObra #GriferiaCalidad
2026-07-15,19:00,miercoles,040203018-C,Llave Monomando Lavamanos Alto Modern Pituto Negro,Griferia,20929,tecnico,https://victtorino.cl/wp-content/uploads/2026/03/llave-monomando-lavamanos-alto-modern-pituto-negro-victtorino-chile-4.webp,https://victtorino.cl/producto/llave-monomando-lavamanos-alto-modern-pituto-negro/,1407,#griferia #llavemonomando #lavamanos #negroma #bañomoderno #accesoriosbano #griferianegra #instalacionbano #diseñobano #victtorino #griferiacocina #bañominimalista
2026-07-16,19:00,jueves,040201005-T,Llave Monomando Lavaplatos Vertical Profesional,Griferia,100680,tecnico,https://victtorino.cl/wp-content/uploads/2026/03/llave-monomando-lavaplatos-vertical-profesional-chile-llave-monomando-lavaplatos-vertical-profesional-chile-03.webp,https://victtorino.cl/producto/llave-monomando-lavaplatos-vertical-profesional/,1412,#griferia #lavaplatos #llavecocina #monomando #griferiacocina #instalacioncocina #griferiacl #cocinachilena #accesorioscocina #victtorino
2026-07-17,19:00,viernes,100501028-T,Receptor de Ducha Esquinero Curvo Antideslizante Acrílico Blanco 80x120 Izq,Shower/Mamparas/Receptaculos,81396,tecnico,https://victtorino.cl/wp-content/uploads/2026/04/Base-1.webp,https://victtorino.cl/producto/receptor-de-ducha-esquinero-curvo-antideslizante-acrilico-blanco-80x120-izq/,1270,#VICTTORINO #receptordeducha #duchaesquinera #acrilicoblanco #bañomoderno #receptaculoducha #mamparasdeducha #remodelacionbaño #construccion #griferiaschile #bañochile #tiendabaño
2026-07-18,19:00,sabado,100501025-T,Receptor de Ducha Esquinero Curvo Antideslizante Acrílico Blanco 80x80,Shower/Mamparas/Receptaculos,54264,tecnico,https://victtorino.cl/wp-content/uploads/2026/04/Base-1.webp,https://victtorino.cl/producto/receptor-de-ducha-esquinero-curvo-antideslizante-acrilico-blanco-80x80/,1505,#receptaculodeducha #duchaesquinera #bañomoderno #remodelacionbaño #acrilicosanitario #duchachilena #mamparasdeducha #baños #construccionchile #remodelacion #victtorino #griferiaschile
2026-07-19,19:00,domingo,010703007-T,Espejo Rectangular 60 x 90 cm Con Borde Azul Y Líneas Celestes,Espejos,53406,tecnico,https://victtorino.cl/wp-content/uploads/2026/03/espejo-rectangular-60x90-borde-azul-lineas-celestes-chile-01.webp,https://victtorino.cl/producto/espejo-rectangular-60-x-90-cm-con-borde-azul-y-lineas-celestes/,1447,#EspejosBaño #EspejoRectangular #EspejoDecorativos #AccesoriosBaño #EspejoConMarco #BañoModerno #Victtorino #TiendaBañoChile #EspejoAzul #DisenioBaño #AccesoriosHogar
2026-07-20,19:00,lunes,010703014-T,Espejo Circular 60 cm Led Triple  Borde Metal,Espejos,44965,tecnico,https://victtorino.cl/wp-content/uploads/2026/03/espejo-circ-60-cm-led-triple-bord-metal-victtorino-chile.webp,https://victtorino.cl/producto/espejo-circular-60-cm-led-triple-borde-metal/,1175,#EspejoLed #EspejoCircular #EspejoBano #EspejoConLuz #AccesoriosBano #BanoModerno #EspejoMetalico #Victtorino #TiendaBano #EspejoIluminado #DecoracionBano #StockLimitado
2026-07-21,19:00,martes,010704016-T,Monomando Tina Ducha Notte,Griferia,40024,tecnico,https://victtorino.cl/wp-content/uploads/2026/03/monomando-tina-ducha-notte-victtorino-chile-01.webp,https://victtorino.cl/producto/monomando-tina-ducha-notte/,1170,#griferiachile #monomando #tinaducha #griferiabaño #instalaciónbaño #griferiadebano #accesoriosbaño #renovacionbaño #construccionchile #bañomoderno #victtorino #griferiadecalidad
2026-07-22,19:00,miercoles,040202002-T,Llave Monomando Lavamanos Alto Notte Negro,Griferia,39574,tecnico,https://victtorino.cl/wp-content/uploads/2026/03/llave-monomando-ducha-modern-inoxidable-victtorino-chile-01.webp,https://victtorino.cl/producto/llave-monomando-lavamanos-alto-notte-negro/,1428,#GriferiaChile #LlaveMonomando #NegroMate #BañoModerno #GriferiaDeDiseno #Victtorino #AccesoriosDeBano #InstalacionSanitaria #BañoMinimalista #GriferiaNegra #RemodelacionBano #TiendaOnlineChile
2026-07-23,19:00,jueves,010201001-T,Lavamanos Cristal Sobrepuesto 415 x 415 mm,Lavamanos,38307,tecnico,https://victtorino.cl/wp-content/uploads/2026/03/lavamano-cristal-sobrepuesto-415x415-victtorino-chile-01.webp,https://victtorino.cl/producto/lavamanos-cristal-sobrepuesto-415-x-415-mm/,1479,#lavamanos #lavamanosdecristal #lavamanosobrepuesto #griferiaschile #bañomoderno #diseñodebaño #arquitecturachile #interioresminimalistas #renovacionbaño #victtorino #accesoriosdebaño #tiendadebaños
2026-07-24,19:00,viernes,040202003-T,Monomando lavamano alto inoxidable,Griferia,35216,tecnico,https://victtorino.cl/wp-content/uploads/2026/03/llave-monomando-lavatorio-alto-modern-paleta-inox-victtorino-chile.webp,https://victtorino.cl/producto/monomando-lavamano-alto-inoxidable/,1501,#Victtorino #GriferiaChile #MonomandoInoxidable #GriferiaInoxidable #BañoChile #CocinaChile #GriferiaTecnica #InstalacionGriferia #AceroInoxidable #MonomandoAlto #GriferiaDeCalidad #TiendaGriferia
2026-07-25,19:00,sabado,010704017-T,Monomando Ducha Notte Taumm,Griferia,34109,tecnico,https://victtorino.cl/wp-content/uploads/2026/03/monomando-ducha-notte-victtorino-chile.webp,https://victtorino.cl/producto/monomando-ducha-notte-taumm/,1400,#Victtorino #MonomandoDucha #GriferiaTaumm #NotteTaumm #GriferiaTecnica #InstalacionDucha #GriferiaCocina #BanoModerno #GriferiaChile #ConstruccionChile #RemodelaciónBano #MaterialesConstuccion
2026-07-26,19:00,domingo,040203005-T,Llave Monomando Ducha Empotrada Dusseldorf,Griferia,30764,tecnico,https://victtorino.cl/wp-content/uploads/2026/03/llave-monomando-ducha-empotrada-dusseldorf-victtorino-chile.webp,https://victtorino.cl/producto/llave-monomando-ducha-empotrada-dusseldorf/,1374,#GriferiaEmpotrada #DuchaEmpotrada #LlaveMonomando #GriferiaBaño #RemodelaciónBaño #Dusseldorf #GriferiaChile #BañoModerno #InstalacionBaño #Victtorino #TiendaGriferia #AccesoriosBaño
2026-07-27,19:00,lunes,040202008-T,Llave Monomando Lavamanos Modern Pituto Cromado,Griferia,30707,tecnico,https://victtorino.cl/wp-content/uploads/2026/03/llave-monomando-lavatorio-modern-pituto-cromado-victtorino-chile.webp,https://victtorino.cl/producto/llave-monomando-lavamanos-modern-pituto-cromado/,1380,#griferia #lavamanos #llavemonomando #griferiamoderna #bautistetienda #instalacionbano #griferiacromada #bano #construccion #remodelacion #victtorino #griferiaChile
2026-07-28,19:00,martes,020101004-T,Lavaplatos Empotrado 80x44 cm Secador Izquierdo,Lavaplatos,30170,tecnico,https://victtorino.cl/wp-content/uploads/2026/03/Lavaplatos-Empotrado-80×44-cm-Secador-Izquierdo-1.webp,https://victtorino.cl/producto/lavaplatos-empotrado-80x44-cm-secador-izquierdo/,1316,#lavaplatos #lavaplatos empotrado #lavaplatos cocina #griferia cocina #mesón cocina #remodelacion cocina #accesorios cocina #instalacion cocina #lavaplatos chile #victtorino #tienda cocina chile #materialescocina
2026-07-29,19:00,miercoles,040202001-T,Llave Monomando Lavamanos Notte Negro,Griferia,30151,tecnico,https://victtorino.cl/wp-content/uploads/2026/03/llave-monomando-lavatorio-notte-negro-victtorino-chile.webp,https://victtorino.cl/producto/llave-monomando-lavamanos-notte-negro/,1415,#GriferiaChile #LlaveMonomando #NotegroMate #GriferiaNegroMate #BanoModerno #GriferiaTecnica #InstalacionBano #AccesoriosBano #BanoChile #Victtorino #GriferiaDeCalidad #RenovacionBano
2026-07-30,19:00,jueves,040203001-T,Llave Monomando Ducha al Muro Notte Negro,Griferia,25767,tecnico,https://victtorino.cl/wp-content/uploads/2026/03/Llave-Monomando-Ducha-al-Muro-Notte-Negro-1.webp,https://victtorino.cl/producto/llave-monomando-ducha-al-muro-notte-negro/,1238,#GriferiaChile #DuchaAlMuro #MonoMando #NegritoMate #GriferiaNegraChile #RemodelaciónBaño #ConstrucciónChile #InstalacionSanitaria #BañoModerno #Victtorino #GriferiaProfesional #AcabadoNegro
2026-07-31,19:00,viernes,010704015-T,Set Accesorios De Baños Notte (6 Piezas),Accesorios,25400,tecnico,https://victtorino.cl/wp-content/uploads/2026/03/set-accesorios-de-banos-notte-6-piezas-victtorino-chile.webp,https://victtorino.cl/producto/set-accesorios-de-banos-notte-6-piezas/,1424,#AccesoriosBaño #SetBaño #NotteBaño #GriferiaChile #BañoModerno #Victtorino #AccesoriosCromados #RemodelacionBaño #ConstruccionChile #BañoCompleto #SetAccesorios #TiendaBañoChile
2026-08-01,19:00,sabado,040501002-T,Cuello Cisne Lavaplatos Con Tuerca Hilo 12,Griferia,25145,tecnico,https://victtorino.cl/wp-content/uploads/2026/03/Cuello-Cisne-Lavaplatos-Con-Tuerca-Hilo-12-1.webp,https://victtorino.cl/producto/cuello-cisne-lavaplatos-con-tuerca-hilo-12/,1351,#griferia #lavaplatos #cuelloCisne #instalacionSanitaria #griferiachile #fontaneria #repuestoshogar #accesorioscocina #tuercahilo #victtorino #materialeshogar #plomeria
2026-08-02,19:00,domingo,010703004-T,Espejo Rectangular 50 x 70 cm Con Luz Led,Espejos,23582,tecnico,https://victtorino.cl/wp-content/uploads/2026/03/espejo-rectangular-50x70-luz-led-victtorino-chile-01.webp,https://victtorino.cl/producto/espejo-rectangular-50-x-70-cm-con-luz-led/,1320,#EspejoLED #EspejoConLuz #EspejoRectangular #EspejoBano #AccesoriosBano #BanoModerno #IluminacionBano #Victtorino #TiendaBanoChile #RemodelacionBano #DecoracionBano #AccesoriosHogar
2026-08-03,19:00,lunes,020301002-T,Llave Lavadero Lavadora Doble 3/4,Griferia,20725,tecnico,https://victtorino.cl/wp-content/uploads/2026/03/llave-lavadero-lavadora-doble-3-4-victtorino-chile.webp,https://victtorino.cl/producto/llave-lavadero-lavadora-doble-3-4/,1184,#griferia #llavepaso #lavadora #lavadero #instalacionesagua #griferiachile #fontaneria #construccion #remodelacion #victtorino #materialesdenorma #plomeria
2026-08-04,19:00,martes,040201006-T,Llave Monomando Lavaplatos Vertical Colomba,Griferia,16007,tecnico,https://victtorino.cl/wp-content/uploads/2026/03/Llave-Monomando-Lavaplatos-Vertical-Colomba-1.webp,https://victtorino.cl/producto/llave-monomando-lavaplatos-vertical-colomba/,1419,#GriteriaChile #LlaveMonomando #GriferiaCocina #LavaPlatosChile #InstalacionGriferia #CocinaChile #MaterialesConstuccion #Victtorino #GriferiaCromo #RemodelacionCocina #ProductosDeCalidad
2026-08-05,19:00,miercoles,020101002-C,Lavaplatos empotrado de 37x32 chocolate,Lavaplatos,13565,tecnico,https://victtorino.cl/wp-content/uploads/2026/03/lavaplatos-chocolate-nuevo.webp,https://victtorino.cl/producto/lavaplatos-empotrado-de-37x32-chocolate/,1283,#lavaplatos #lavaplatos empotrado #lavaplatos chocolate #cocinachilena #remodelacioncocina #accesorioscocina #griferiachile #victtorino #construccion #disenointerior #cocinasmodernas #mesondercocina
2026-08-06,19:00,jueves,100501027-T,Receptor de Ducha Esquinero Curvo Antideslizante Acrílico Blanco 80x120 Der,Shower/Mamparas/Receptaculos,81396,oferta,https://victtorino.cl/wp-content/uploads/2026/04/Base-1.webp,https://victtorino.cl/producto/receptor-de-ducha-esquinero-curvo-antideslizante-acrilico-blanco-80x120-der/,1029,#Victtorino #ReceptorDeDucha #DuchaEsquinera #BanoModerno #RemodelacionBano #AntideslizanteSeguro #TiendaDeBano #AccesoriosBano #EnvioGratisRM #BanoChile #DuchaAcrilica #TuBanoNuevo
2026-08-07,19:00,viernes,100501026-T,Receptor de Ducha Esquinero Curvo Antideslizante Acrílico Blanco 90x90,Shower/Mamparas/Receptaculos,67829,oferta,https://victtorino.cl/wp-content/uploads/2026/04/Base-1.webp,https://victtorino.cl/producto/receptor-de-ducha-esquinero-curvo-antideslizante-acrilico-blanco-90x90/,952,#Victtorino #ReceptorDeDucha #DuchaEsquinera #BañoModerno #RenovaTuBaño #AccesoriosDeBaño #AntideslizanteSeguro #DuchaAcrilica #TiendaDeBaño #BañoChile #EnvioGratis #OfertaBaño
2026-08-08,19:00,sabado,010703013-T,"Espejo 70 x 100 cm, 3 Luces Led Distintas",Espejos,53796,oferta,https://victtorino.cl/wp-content/uploads/2026/03/espejo-70x100-3-luces-led-victtorino-chile-01.webp,https://victtorino.cl/producto/espejo-70-x-100-cm-3-luces-led-distintas/,898,#espejo #espejoconluz #espejoled #bano #decoracionbano #iluminacionbano #espejomoderno #accesoriosbano #tiendabano #victtorino #decoracionhogar #hogarchileno
2026-08-09,19:00,domingo,010703002-T,Espejo Rectangular 45 x 60 cm Con Luz Led,Espejos,43367,oferta,https://victtorino.cl/wp-content/uploads/2026/03/espejo-rectangular-45x60-luz-led-chile-01.webp,https://victtorino.cl/producto/espejo-rectangular-45-x-60-cm-con-luz-led/,906,#EspejoConLuz #EspejoLED #DecoracionBano #BanoModerno #EspejoRectangular #Victtorino #TiendaChile #AccesoriosBano #BanoDeEnsueño #EnvioGratisRM #DecoHogar #HogarChile
2026-08-10,19:00,lunes,040204002-T,Llave Monomando de Tina Ducha Doménica,Griferia,38122,oferta,https://victtorino.cl/wp-content/uploads/2026/03/Llave-Monomando-de-Tina-Ducha-Domenica-1.webp,https://victtorino.cl/producto/llave-monomando-de-tina-ducha-domenica/,1051,#Victtorino #GriferiaChile #LlaveMonomando #TinaDucha #BanoModerno #RemodelacionBano #GriferiaBarata #OfertaGriferia #AccesoriosBano #TiendaChile #BanoChile #Ducha
2026-08-11,19:00,martes,040202004-T,Monomando Lavamanos Alto Modern Pituto Cromado,Griferia,37767,oferta,https://victtorino.cl/wp-content/uploads/2026/03/monomando-lavatorio-alto-modern-pituto-cromado-victtorino-chile.webp,https://victtorino.cl/producto/monomando-lavamanos-alto-modern-pituto-cromado/,885,#Victtorino #GriferiaChile #MonomandoLavamanos #BanoModerno #GriferiaModerna #RenovaTuBano #AcabadoCromado #TiendaOnlineChile #BanoChile #DecoHogar #GriferiaCromada #OfertaChile
2026-08-12,19:00,miercoles,010703008-T,Espejo Rectangular 60 x 90 cm Con Diseño De Ondas,Espejos,36117,oferta,https://victtorino.cl/wp-content/uploads/2026/03/espejo-rectangular-60x90-diseno-ondas-victtorino-chile-01.webp,https://victtorino.cl/producto/espejo-rectangular-60-x-90-cm-con-diseno-de-ondas/,1013,#VicttorinoChile #EspejoDecoración #EspejoOndas #DecoracionBano #BanoModerno #EspejoRectangular #TiendaChile #DecoracionHogar #AccesoriosBano #EnvioGratisChile #HogarConEstilo #DisenoInterior
2026-08-13,19:00,jueves,020101002-T,Lavaplatos Simple Empotrado 100x44 cm Secador Izquierdo,Lavaplatos,33116,oferta,https://victtorino.cl/wp-content/uploads/2026/03/Lavaplatos-Simple-Empotrado-100x44-cm-Secador-Izquierdo-1.webp,https://victtorino.cl/producto/lavaplatos-simple-empotrado-100x44-cm-secador-izquierdo/,1118,#Victtorino #Lavaplatos #Lavaplatos100x44 #LavaplatosEmpotrado #CocinaChile #RenovaTuCocina #AccesoriosCocina #GriferiaChile #DecoHogar #TiendaOnlineChile #EnvioGratisRM #CocinaFuncional
2026-08-14,19:00,viernes,020101001-T,Lavaplatos Simple Empotrado 100x44 cm Secador Derecho,Lavaplatos,33116,oferta,https://victtorino.cl/wp-content/uploads/2026/03/Lavaplatos-Simple-Empotrado-100x44-cm-Secador-Derecho-1-1.webp,https://victtorino.cl/producto/lavaplatos-simple-empotrado-100x44-cm-secador-derecho/,1156,#Victtorino #Lavaplatos #LavaplatorEmpotrado #CocinaChilena #RemodelacionCocina #AccesoriosCocina #CocinaFuncional #EnvioGratisRM #TiendaOnlineChile #GriferiaChile #HogarChile #ProductosParaElHogar
2026-08-15,19:00,sabado,020101003-T,Lavaplatos Empotrado 80x44 Secador Derecho,Lavaplatos,30170,oferta,https://victtorino.cl/wp-content/uploads/2026/03/Lavaplatos-Empotrado-Simple-80×44-Inoxidable-Derecho-1.webp,https://victtorino.cl/producto/lavaplatos-empotrado-80x44-secador-derecho/,989,#Victtorino #LavaPlatosEmpotrado #CocinaChilena #AccesoriosCocina #LavaplatosPrecio #CocinaOrdenada #TiendaOnlineChile #GriferiaChile #HogarChile #DecoraciónCocina #CompraOnlineChile #EnvioGratisChile
2026-08-16,19:00,domingo,040201009-T,Llave Monomando Lavaplatos Vertical Notte Negro,Griferia,29833,oferta,https://victtorino.cl/wp-content/uploads/2026/03/llave-monomando-lavaplatos-vertical-notte-negro-victtorino-chile.webp,https://victtorino.cl/producto/llave-monomando-lavaplatos-vertical-notte-negro/,889,#Victtorino #Grifer­íaChile #LlaveMonomando #NotteNegro #CocinaNegra #DiseñoDeCocina #Grifer­íaNegra #AccesoriosCocina #RemodelaCocina #TiendaChile #EnvíoGratisRM #CocinaModerna
2026-08-17,19:00,lunes,040204003-T,Llave Monomando de Tina Ducha Colomba,Griferia,28580,oferta,https://victtorino.cl/wp-content/uploads/2026/03/Llave-Monomando-de-Tina-Ducha-Colomba-1.png,https://victtorino.cl/producto/llave-monomando-de-tina-ducha-colomba/,974,#Victtorino #GriferiaChile #LlaveMonomando #BañoModerno #TinaConDucha #RenovaTuBaño #GriferiaDeCalidad #TiendaOnlineChile #BañoChile #OfertaGriferia #EnvioGratisChile #AccesoriosBaño
2026-08-18,19:00,martes,040201008-T,Llave Monomando Lavaplatos Vertical Inoxidable,Griferia,28428,oferta,https://victtorino.cl/wp-content/uploads/2026/03/Llave-Monomando-Lavaplatos-Vertical-Inoxidable-1.webp,https://victtorino.cl/producto/llave-monomando-lavaplatos-vertical-inoxidable/,1247,#Victtorino #GriferiaChile #LlaveMonomando #CocinaModerna #GriferiaInoxidable #RenovaTuCocina #AceroInoxidable #TiendaOnlineChile #GriferiaDeCalidad #CocinaChile #ProductosParaElHogar #EnvioGratisChile
2026-08-19,19:00,miercoles,040202007-T,Llave Monomando Lavamanos Modern Paleta Inoxidable,Griferia,25235,oferta,https://victtorino.cl/wp-content/uploads/2026/03/llave-monomando-lavatorio-modern-paleta-inox-victtorino-chile.webp,https://victtorino.cl/producto/llave-monomando-lavamanos-modern-paleta-inoxidable/,878,#Victtorino #GriferiaChile #LlaveMonomando #BañoModerno #GriferiaMonomando #RenovaTuBaño #AccesoriosBaño #TiendaChile #GriferiaInoxidable #DecoHogar #BañoDesign #OfertaChile
2026-08-20,19:00,jueves,040201007-T,Llave Monomando Lavaplatos Vertical Domenica,Griferia,23568,oferta,https://victtorino.cl/wp-content/uploads/2026/03/monomando-lavaplatos-vertical-domenica-victtorino-chile.webp,https://victtorino.cl/producto/llave-monomando-lavaplatos-vertical-domenica/,1015,#Victtorino #GriferiaChile #LlaveMonomando #LavaPlatosChile #GriferiaDeCalidad #CocinaChile #RenovaTuCocina #OfertaGriferia #EnvioGratisChile #AccesoriosCocina #TiendaOnlineChile #DisenoHogar
2026-08-21,19:00,viernes,040301002-T,Llave Lavatorio Temporizada al Muro,Griferia,23368,oferta,https://victtorino.cl/wp-content/uploads/2026/03/llave-lavatorio-temporizada-al-muro-victtorino-chile-01.webp,https://victtorino.cl/producto/llave-lavatorio-temporizada-al-muro/,987,#Victtorino #GriferiaChile #LlaveTemporizada #BañoModerno #AhorroDeAgua #GriferiaDeCalidad #TiendaDeGriferia #RemodelacionBaño #ConstruccionChile #AcabadosBaño #EnvioGratisRM #GriferiaTienda
2026-08-22,19:00,sabado,040202006-T,Monomando Lavamanos Domenica,Griferia,21216,oferta,https://victtorino.cl/wp-content/uploads/2026/03/monomando-lavatorio-domenica-victtorino-chile.webp,https://victtorino.cl/producto/monomando-lavamanos-domenica/,881,#Victtorino #MonomandoLavamanos #GriteriaChile #BanoModerno #AccesoriosBano #GriferiaNacional #RemodelacionBano #TiendaOnlineChile #CompraOnlineChile #BanoDecorado #HogarChileno
2026-08-23,19:00,domingo,040203018-C,Llave Monomando Lavamanos Alto Modern Pituto Negro,Griferia,20929,oferta,https://victtorino.cl/wp-content/uploads/2026/03/llave-monomando-lavamanos-alto-modern-pituto-negro-victtorino-chile-4.webp,https://victtorino.cl/producto/llave-monomando-lavamanos-alto-modern-pituto-negro/,821,#Victtorino #GriteriaChile #LlaveMonomando #BanoModerno #GriteriaModerna #DecoHogar #BanoNegro #RenovaTuBano #GriteriaDeDiseno #TiendaOnlineChile #HogarChile #AccesoriosBano
2026-08-24,19:00,lunes,040201005-T,Llave Monomando Lavaplatos Vertical Profesional,Griferia,100680,oferta,https://victtorino.cl/wp-content/uploads/2026/03/llave-monomando-lavaplatos-vertical-profesional-chile-llave-monomando-lavaplatos-vertical-profesional-chile-03.webp,https://victtorino.cl/producto/llave-monomando-lavaplatos-vertical-profesional/,939,#Victtorino #GriferiaChile #LlaveMonomando #GriferiacocIna #Lavaplatos #CocinaChile #AccesoriosCocina #GriferiaProfesional #TiendaOnlineChile #EnvioGratisChile #RemodelacionCocina #HogarChile
2026-08-25,19:00,martes,100501028-T,Receptor de Ducha Esquinero Curvo Antideslizante Acrílico Blanco 80x120 Izq,Shower/Mamparas/Receptaculos,81396,oferta,https://victtorino.cl/wp-content/uploads/2026/04/Base-1.webp,https://victtorino.cl/producto/receptor-de-ducha-esquinero-curvo-antideslizante-acrilico-blanco-80x120-izq/,1136,#victtorino #receptordeducha #duchaesquinera #bañomoderno #renovacionbaño #acrilicoblanco #antideslizante #mamparasdeducha #tiendaonlinechile #hogarchileno #ofertahogar #decoracionbaño
2026-08-26,19:00,miercoles,100501025-T,Receptor de Ducha Esquinero Curvo Antideslizante Acrílico Blanco 80x80,Shower/Mamparas/Receptaculos,54264,oferta,https://victtorino.cl/wp-content/uploads/2026/04/Base-1.webp,https://victtorino.cl/producto/receptor-de-ducha-esquinero-curvo-antideslizante-acrilico-blanco-80x80/,796,#victtorino #receptordeducha #duchaesquinera #acrilicoblanco #banomoderno #renovacionbano #antideslizante #tiendabano #ofertabano #enviogratis #chilecompras #duchas
2026-08-27,19:00,jueves,010703007-T,Espejo Rectangular 60 x 90 cm Con Borde Azul Y Líneas Celestes,Espejos,53406,oferta,https://victtorino.cl/wp-content/uploads/2026/03/espejo-rectangular-60x90-borde-azul-lineas-celestes-chile-01.webp,https://victtorino.cl/producto/espejo-rectangular-60-x-90-cm-con-borde-azul-y-lineas-celestes/,972,#victtorino #espejobano #decoracionbano #espejoazul #banomoderno #accesoriosbano #disenointerior #homedecor #banochill #tiendaonlinechile #enviogratis #decoracionhogar
2026-08-28,19:00,viernes,010703014-T,Espejo Circular 60 cm Led Triple  Borde Metal,Espejos,44965,oferta,https://victtorino.cl/wp-content/uploads/2026/03/espejo-circ-60-cm-led-triple-bord-metal-victtorino-chile.webp,https://victtorino.cl/producto/espejo-circular-60-cm-led-triple-borde-metal/,861,#VicttorinoChile #EspejoLed #EspejoCircular #DecoraccionBano #BanoModerno #EspejoConLuz #RemodelacionBano #TiendaOnlineChile #AccesoriosBano #EspejoMetalico #HogarChile #EnvioGratisChile
2026-08-29,19:00,sabado,010704016-T,Monomando Tina Ducha Notte,Griferia,40024,oferta,https://victtorino.cl/wp-content/uploads/2026/03/monomando-tina-ducha-notte-victtorino-chile-01.webp,https://victtorino.cl/producto/monomando-tina-ducha-notte/,928,#Victtorino #GriferiaChile #MonomandoDucha #BañoModerno #GriferiaDeCalidad #RenovaTuBaño #TiendaOnlineChile #EnvioGratisRM #OfertaGriferia #ProductosDeCalidad #DecoracionBaño #ChileHogar
2026-08-30,19:00,domingo,040202002-T,Llave Monomando Lavamanos Alto Notte Negro,Griferia,39574,oferta,https://victtorino.cl/wp-content/uploads/2026/03/llave-monomando-ducha-modern-inoxidable-victtorino-chile-01.webp,https://victtorino.cl/producto/llave-monomando-lavamanos-alto-notte-negro/,1086,#victtorino #griferianegra #lavamanos #monomando #nottenegro #bañomoderno #griferiadesign #remodelacionbaño #diseñointerior #tiendaonlinechile #griferiachile #enviogratis
2026-08-31,19:00,lunes,010201001-T,Lavamanos Cristal Sobrepuesto 415 x 415 mm,Lavamanos,38307,oferta,https://victtorino.cl/wp-content/uploads/2026/03/lavamano-cristal-sobrepuesto-415x415-victtorino-chile-01.webp,https://victtorino.cl/producto/lavamanos-cristal-sobrepuesto-415-x-415-mm/,833,#Victtorino #LavamanosDesign #BañoModerno #LavamanosСristal #RenovaTuBaño #GriferiaChile #AccesoriosBaño #TiendaDecoración #BañoMinimalista #OfertaChile #DecoracionHogar #DiseñoInterior
2026-09-01,19:00,martes,040202003-T,Monomando lavamano alto inoxidable,Griferia,35216,oferta,https://victtorino.cl/wp-content/uploads/2026/03/llave-monomando-lavatorio-alto-modern-paleta-inox-victtorino-chile.webp,https://victtorino.cl/producto/monomando-lavamano-alto-inoxidable/,874,#Victtorino #GriferiaChile #MonomandoInoxidable #BanoModerno #RenovaTuBano #GriferiaDeCalidad #TiendaOnlineChile #AccesoriosBano #DisenoDeInteriores #HogarChile #OfertaChile #EnvioGratisRM
2026-09-02,19:00,miercoles,010704017-T,Monomando Ducha Notte Taumm,Griferia,34109,oferta,https://victtorino.cl/wp-content/uploads/2026/03/monomando-ducha-notte-victtorino-chile.webp,https://victtorino.cl/producto/monomando-ducha-notte-taumm/,1036,#Victtorino #GriferiaChile #MonomandoDucha #BañoModerno #GriferiaDeCalidad #TiendaOnlineChile #RemodelaBaño #DuchaConEstilo #ProductosDeCalidad #OfertaChile #EnvioGratisRM #DecoracionBaño
2026-09-03,19:00,jueves,040203005-T,Llave Monomando Ducha Empotrada Dusseldorf,Griferia,30764,oferta,https://victtorino.cl/wp-content/uploads/2026/03/llave-monomando-ducha-empotrada-dusseldorf-victtorino-chile.webp,https://victtorino.cl/producto/llave-monomando-ducha-empotrada-dusseldorf/,914,#victtorino #griferia #duchaminimalista #llaveempotrada #bañomoderno #remodelaciónbañ #griferiachile #diseñobano #duchaempotrada #ofertagriferia #tiendabañochile #enviogratis
2026-09-04,19:00,viernes,040202008-T,Llave Monomando Lavamanos Modern Pituto Cromado,Griferia,30707,oferta,https://victtorino.cl/wp-content/uploads/2026/03/llave-monomando-lavatorio-modern-pituto-cromado-victtorino-chile.webp,https://victtorino.cl/producto/llave-monomando-lavamanos-modern-pituto-cromado/,930,#Victtorino #GriferiaChile #LlaveMonomando #BanoModerno #GriferiaModerna #DespachoGratis #TiendaOnlineChile #RemodelacionBano #AccesoriosBano #GriferiaCromada #HogarChile #DisenoDeInteriores
2026-09-05,19:00,sabado,020101004-T,Lavaplatos Empotrado 80x44 cm Secador Izquierdo,Lavaplatos,30170,oferta,https://victtorino.cl/wp-content/uploads/2026/03/Lavaplatos-Empotrado-80×44-cm-Secador-Izquierdo-1.webp,https://victtorino.cl/producto/lavaplatos-empotrado-80x44-cm-secador-izquierdo/,1048,#lavaplatos #lavaplatos empotrado #lavaplatos cocina #remodelacion cocina #cocina moderna #accesorios cocina #muebles cocina #griferia chile #tienda online chile #victtorino #hogar chile #diseño cocina
2026-09-06,19:00,domingo,040202001-T,Llave Monomando Lavamanos Notte Negro,Griferia,30151,oferta,https://victtorino.cl/wp-content/uploads/2026/03/llave-monomando-lavatorio-notte-negro-victtorino-chile.webp,https://victtorino.cl/producto/llave-monomando-lavamanos-notte-negro/,1146,#Victtorino #GriferiaChile #LlaveMonomando #BañoNegro #DiseñoDeInteriores #RenovaTuBaño #GriferiaDeCalidad #AcabadoNegro #BañoModerno #TiendaOnlineChile #DecoracionBaño #HogarChile
2026-09-07,19:00,lunes,040203001-T,Llave Monomando Ducha al Muro Notte Negro,Griferia,25767,oferta,https://victtorino.cl/wp-content/uploads/2026/03/Llave-Monomando-Ducha-al-Muro-Notte-Negro-1.webp,https://victtorino.cl/producto/llave-monomando-ducha-al-muro-notte-negro/,871,#Victtorino #GriferiaChile #DuchaModerna #NegroMate #BañoDeEnsueño #GriferiaDeCalidad #TiendaOnlineChile #BañoMinimalista #DiseñoInterior #RenovaTuBaño #AcabadoNegro #GriferiaOnline
2026-09-08,19:00,martes,010704015-T,Set Accesorios De Baños Notte (6 Piezas),Accesorios,25400,oferta,https://victtorino.cl/wp-content/uploads/2026/03/set-accesorios-de-banos-notte-6-piezas-victtorino-chile.webp,https://victtorino.cl/producto/set-accesorios-de-banos-notte-6-piezas/,978,#accesoriosdebaño #setdebaño #bañomoderno #bañominimalista #decoracionbaño #accesoriosnotte #tiendabaño #remodelaciónhogar #bañochileno #victtorino #homedecor #diseñointeriores
2026-09-09,19:00,miercoles,040501002-T,Cuello Cisne Lavaplatos Con Tuerca Hilo 12,Griferia,25145,oferta,https://victtorino.cl/wp-content/uploads/2026/03/Cuello-Cisne-Lavaplatos-Con-Tuerca-Hilo-12-1.webp,https://victtorino.cl/producto/cuello-cisne-lavaplatos-con-tuerca-hilo-12/,949,#Victtorino #GriferiaChile #CuelloCisne #Lavaplatos #AccesoriosCocina #GriferiaCocina #TiendaOnlineChile #RenovaTuCocina #InstalacionFacil #HogarChile #CocinaChile #DespachoGratis
2026-09-10,19:00,jueves,010703004-T,Espejo Rectangular 50 x 70 cm Con Luz Led,Espejos,23582,oferta,https://victtorino.cl/wp-content/uploads/2026/03/espejo-rectangular-50x70-luz-led-victtorino-chile-01.webp,https://victtorino.cl/producto/espejo-rectangular-50-x-70-cm-con-luz-led/,851,#VicttorinoChile #EspejoConLuz #EspejoLED #EspejosBano #RenovaTuBano #DecoracionBano #BanoModerno #AccesoriosBano #TiendaOnlineChile #DecoHogar #EspejoRectangular #OfertaChile
2026-09-11,19:00,viernes,020301002-T,Llave Lavadero Lavadora Doble 3/4,Griferia,20725,oferta,https://victtorino.cl/wp-content/uploads/2026/03/llave-lavadero-lavadora-doble-3-4-victtorino-chile.webp,https://victtorino.cl/producto/llave-lavadero-lavadora-doble-3-4/,905,#victtorino #griferia #llavedelavadora #lavadero #accesorioshogar #instalacionhogar #griferiaenchile #tiendaonlinechile #hogarenchile #productoshogar #enviogratis #chileliving
2026-09-12,19:00,sabado,040201006-T,Llave Monomando Lavaplatos Vertical Colomba,Griferia,16007,oferta,https://victtorino.cl/wp-content/uploads/2026/03/Llave-Monomando-Lavaplatos-Vertical-Colomba-1.webp,https://victtorino.cl/producto/llave-monomando-lavaplatos-vertical-colomba/,1051,#Victtorino #GriferiaChile #LlaveMonomando #LlaveLavaplatos #CocinaChile #RenovaTuCocina #GriferiaCalidad #TiendaOnlineChile #AccesoriosCocina #EnvioGratisRM #CocinaModerna #ProductosHogar
2026-09-13,19:00,domingo,020101002-C,Lavaplatos empotrado de 37x32 chocolate,Lavaplatos,13565,oferta,https://victtorino.cl/wp-content/uploads/2026/03/lavaplatos-chocolate-nuevo.webp,https://victtorino.cl/producto/lavaplatos-empotrado-de-37x32-chocolate/,1066,#Victtorino #Lavaplatos #LavaplatosEmpotrado #CocinaChile #RenovacionCocina #AccesoriosCocina #GriferiaChile #CocinaModerna #DecoHogar #HogarChile #TiendaOnlineChile #Oferta
