sku,name,slug,price,stock,category,image_url,product_url,pass_filter,filter_score,reason
100501027-T,Receptor de Ducha Esquinero Curvo Antideslizante Acrílico Blanco 80x120 Der,receptor-de-ducha-esquinero-curvo-antideslizante-acrilico-blanco-80x120-der,81396,7,Shower/Mamparas/Receptaculos,https://victtorino.cl/wp-content/uploads/2026/04/Base-1.webp,https://victtorino.cl/producto/receptor-de-ducha-esquinero-curvo-antideslizante-acrilico-blanco-80x120-der/,True,5,precio_ok(81396) | stock_ok(7) | foto_ok | cat_aspiracional(Shower/Mamparas/Receptaculos) | margen_estimado(47%_revisar)
100501026-T,Receptor de Ducha Esquinero Curvo Antideslizante Acrílico Blanco 90x90,receptor-de-ducha-esquinero-curvo-antideslizante-acrilico-blanco-90x90,67829,5,Shower/Mamparas/Receptaculos,https://victtorino.cl/wp-content/uploads/2026/04/Base-1.webp,https://victtorino.cl/producto/receptor-de-ducha-esquinero-curvo-antideslizante-acrilico-blanco-90x90/,True,5,precio_ok(67829) | stock_ok(5) | foto_ok | cat_aspiracional(Shower/Mamparas/Receptaculos) | margen_estimado(47%_revisar)
010703013-T,"Espejo 70 x 100 cm, 3 Luces Led Distintas",espejo-70-x-100-cm-3-luces-led-distintas,53796,7,Espejos,https://victtorino.cl/wp-content/uploads/2026/03/espejo-70x100-3-luces-led-victtorino-chile-01.webp,https://victtorino.cl/producto/espejo-70-x-100-cm-3-luces-led-distintas/,True,5,precio_ok(53796) | stock_ok(7) | foto_ok | cat_aspiracional(Espejos) | margen_estimado(47%_revisar)
010703002-T,Espejo Rectangular 45 x 60 cm Con Luz Led,espejo-rectangular-45-x-60-cm-con-luz-led,43367,9,Espejos,https://victtorino.cl/wp-content/uploads/2026/03/espejo-rectangular-45x60-luz-led-chile-01.webp,https://victtorino.cl/producto/espejo-rectangular-45-x-60-cm-con-luz-led/,True,5,precio_ok(43367) | stock_ok(9) | foto_ok | cat_aspiracional(Espejos) | margen_estimado(47%_revisar)
040204002-T,Llave Monomando de Tina Ducha Doménica,llave-monomando-de-tina-ducha-domenica,38122,6,Griferia,https://victtorino.cl/wp-content/uploads/2026/03/Llave-Monomando-de-Tina-Ducha-Domenica-1.webp,https://victtorino.cl/producto/llave-monomando-de-tina-ducha-domenica/,True,5,precio_ok(38122) | stock_ok(6) | foto_ok | cat_aspiracional(Griferia) | margen_estimado(47%_revisar)
040202004-T,Monomando Lavamanos Alto Modern Pituto Cromado,monomando-lavamanos-alto-modern-pituto-cromado,37767,6,Griferia,https://victtorino.cl/wp-content/uploads/2026/03/monomando-lavatorio-alto-modern-pituto-cromado-victtorino-chile.webp,https://victtorino.cl/producto/monomando-lavamanos-alto-modern-pituto-cromado/,True,5,precio_ok(37767) | stock_ok(6) | foto_ok | cat_aspiracional(Griferia) | margen_estimado(47%_revisar)
010703008-T,Espejo Rectangular 60 x 90 cm Con Diseño De Ondas,espejo-rectangular-60-x-90-cm-con-diseno-de-ondas,36117,5,Espejos,https://victtorino.cl/wp-content/uploads/2026/03/espejo-rectangular-60x90-diseno-ondas-victtorino-chile-01.webp,https://victtorino.cl/producto/espejo-rectangular-60-x-90-cm-con-diseno-de-ondas/,True,5,precio_ok(36117) | stock_ok(5) | foto_ok | cat_aspiracional(Espejos) | margen_estimado(47%_revisar)
020101002-T,Lavaplatos Simple Empotrado 100x44 cm Secador Izquierdo,lavaplatos-simple-empotrado-100x44-cm-secador-izquierdo,33116,19,Lavaplatos,https://victtorino.cl/wp-content/uploads/2026/03/Lavaplatos-Simple-Empotrado-100x44-cm-Secador-Izquierdo-1.webp,https://victtorino.cl/producto/lavaplatos-simple-empotrado-100x44-cm-secador-izquierdo/,True,5,precio_ok(33116) | stock_ok(19) | foto_ok | cat_aspiracional(Lavaplatos) | margen_estimado(47%_revisar)
020101001-T,Lavaplatos Simple Empotrado 100x44 cm Secador Derecho,lavaplatos-simple-empotrado-100x44-cm-secador-derecho,33116,16,Lavaplatos,https://victtorino.cl/wp-content/uploads/2026/03/Lavaplatos-Simple-Empotrado-100x44-cm-Secador-Derecho-1-1.webp,https://victtorino.cl/producto/lavaplatos-simple-empotrado-100x44-cm-secador-derecho/,True,5,precio_ok(33116) | stock_ok(16) | foto_ok | cat_aspiracional(Lavaplatos) | margen_estimado(47%_revisar)
020101003-T,Lavaplatos Empotrado 80x44 Secador Derecho,lavaplatos-empotrado-80x44-secador-derecho,30170,10,Lavaplatos,https://victtorino.cl/wp-content/uploads/2026/03/Lavaplatos-Empotrado-Simple-80×44-Inoxidable-Derecho-1.webp,https://victtorino.cl/producto/lavaplatos-empotrado-80x44-secador-derecho/,True,5,precio_ok(30170) | stock_ok(10) | foto_ok | cat_aspiracional(Lavaplatos) | margen_estimado(47%_revisar)
040201009-T,Llave Monomando Lavaplatos Vertical Notte Negro,llave-monomando-lavaplatos-vertical-notte-negro,29833,6,Griferia,https://victtorino.cl/wp-content/uploads/2026/03/llave-monomando-lavaplatos-vertical-notte-negro-victtorino-chile.webp,https://victtorino.cl/producto/llave-monomando-lavaplatos-vertical-notte-negro/,True,5,precio_ok(29833) | stock_ok(6) | foto_ok | cat_aspiracional(Griferia) | margen_estimado(47%_revisar)
040204003-T,Llave Monomando de Tina Ducha Colomba,llave-monomando-de-tina-ducha-colomba,28580,5,Griferia,https://victtorino.cl/wp-content/uploads/2026/03/Llave-Monomando-de-Tina-Ducha-Colomba-1.png,https://victtorino.cl/producto/llave-monomando-de-tina-ducha-colomba/,True,5,precio_ok(28580) | stock_ok(5) | foto_ok | cat_aspiracional(Griferia) | margen_estimado(47%_revisar)
040201008-T,Llave Monomando Lavaplatos Vertical Inoxidable,llave-monomando-lavaplatos-vertical-inoxidable,28428,12,Griferia,https://victtorino.cl/wp-content/uploads/2026/03/Llave-Monomando-Lavaplatos-Vertical-Inoxidable-1.webp,https://victtorino.cl/producto/llave-monomando-lavaplatos-vertical-inoxidable/,True,5,precio_ok(28428) | stock_ok(12) | foto_ok | cat_aspiracional(Griferia) | margen_estimado(47%_revisar)
040202007-T,Llave Monomando Lavamanos Modern Paleta Inoxidable,llave-monomando-lavamanos-modern-paleta-inoxidable,25235,9,Griferia,https://victtorino.cl/wp-content/uploads/2026/03/llave-monomando-lavatorio-modern-paleta-inox-victtorino-chile.webp,https://victtorino.cl/producto/llave-monomando-lavamanos-modern-paleta-inoxidable/,True,5,precio_ok(25235) | stock_ok(9) | foto_ok | cat_aspiracional(Griferia) | margen_estimado(47%_revisar)
040201007-T,Llave Monomando Lavaplatos Vertical Domenica,llave-monomando-lavaplatos-vertical-domenica,23568,21,Griferia,https://victtorino.cl/wp-content/uploads/2026/03/monomando-lavaplatos-vertical-domenica-victtorino-chile.webp,https://victtorino.cl/producto/llave-monomando-lavaplatos-vertical-domenica/,True,5,precio_ok(23568) | stock_ok(21) | foto_ok | cat_aspiracional(Griferia) | margen_estimado(47%_revisar)
040301002-T,Llave Lavatorio Temporizada al Muro,llave-lavatorio-temporizada-al-muro,23368,11,Griferia,https://victtorino.cl/wp-content/uploads/2026/03/llave-lavatorio-temporizada-al-muro-victtorino-chile-01.webp,https://victtorino.cl/producto/llave-lavatorio-temporizada-al-muro/,True,5,precio_ok(23368) | stock_ok(11) | foto_ok | cat_aspiracional(Griferia) | margen_estimado(47%_revisar)
040202006-T,Monomando Lavamanos Domenica,monomando-lavamanos-domenica,21216,6,Griferia,https://victtorino.cl/wp-content/uploads/2026/03/monomando-lavatorio-domenica-victtorino-chile.webp,https://victtorino.cl/producto/monomando-lavamanos-domenica/,True,5,precio_ok(21216) | stock_ok(6) | foto_ok | cat_aspiracional(Griferia) | margen_estimado(47%_revisar)
040203018-C,Llave Monomando Lavamanos Alto Modern Pituto Negro,llave-monomando-lavamanos-alto-modern-pituto-negro,20929,7,Griferia,https://victtorino.cl/wp-content/uploads/2026/03/llave-monomando-lavamanos-alto-modern-pituto-negro-victtorino-chile-4.webp,https://victtorino.cl/producto/llave-monomando-lavamanos-alto-modern-pituto-negro/,True,5,precio_ok(20929) | stock_ok(7) | foto_ok | cat_aspiracional(Griferia) | margen_estimado(47%_revisar)
010603002-T,Receptaculo Ducha con Patas 140x70 CM,receptaculo-ducha-con-patas-140x70-cm,126003,0,Shower/Mamparas/Receptaculos,https://victtorino.cl/wp-content/uploads/2026/03/Receptaculo-Ducha-con-Patas-120x70-cm-3.webp,https://victtorino.cl/producto/receptaculo-ducha-con-patas-140x70-cm/,False,4,BLOQUEADO_STOCK_0 | precio_ok(126003) | foto_ok | cat_aspiracional(Shower/Mamparas/Receptaculos) | margen_estimado(47%_revisar) | stock_bajo(0)
040201005-T,Llave Monomando Lavaplatos Vertical Profesional,llave-monomando-lavaplatos-vertical-profesional,100680,1,Griferia,https://victtorino.cl/wp-content/uploads/2026/03/llave-monomando-lavaplatos-vertical-profesional-chile-llave-monomando-lavaplatos-vertical-profesional-chile-03.webp,https://victtorino.cl/producto/llave-monomando-lavaplatos-vertical-profesional/,True,4,precio_ok(100680) | foto_ok | cat_aspiracional(Griferia) | margen_estimado(47%_revisar) | stock_bajo(1)
100501028-T,Receptor de Ducha Esquinero Curvo Antideslizante Acrílico Blanco 80x120 Izq,receptor-de-ducha-esquinero-curvo-antideslizante-acrilico-blanco-80x120-izq,81396,2,Shower/Mamparas/Receptaculos,https://victtorino.cl/wp-content/uploads/2026/04/Base-1.webp,https://victtorino.cl/producto/receptor-de-ducha-esquinero-curvo-antideslizante-acrilico-blanco-80x120-izq/,True,4,precio_ok(81396) | foto_ok | cat_aspiracional(Shower/Mamparas/Receptaculos) | margen_estimado(47%_revisar) | stock_bajo(2)
020103001-T,Lavacopas Bajo Cubierta 44 x 39 cm,lavacopas-bajo-cubierta-44-x-39-cm,73891,0,Griferia,https://victtorino.cl/wp-content/uploads/2026/03/Lavacopas-Bajo-Cubierta-44-x-39-cm-1.webp,https://victtorino.cl/producto/lavacopas-bajo-cubierta-44-x-39-cm/,False,4,BLOQUEADO_STOCK_0 | precio_ok(73891) | foto_ok | cat_aspiracional(Griferia) | margen_estimado(47%_revisar) | stock_bajo(0)
100501029-T,Receptor de Ducha Cuadrado Antideslizante Acrílico Blanco 90x90,receptor-de-ducha-cuadrado-antideslizante-acrilico-blanco-90-x-90,67829,0,Shower/Mamparas/Receptaculos,https://victtorino.cl/wp-content/uploads/2026/04/Base-Cuadrada-2.webp,https://victtorino.cl/producto/receptor-de-ducha-cuadrado-antideslizante-acrilico-blanco-90-x-90/,False,4,BLOQUEADO_STOCK_0 | precio_ok(67829) | foto_ok | cat_aspiracional(Shower/Mamparas/Receptaculos) | margen_estimado(47%_revisar) | stock_bajo(0)
020101015-T,Pack Lavaplatos 80x44 Secador Derecho + Llave Monomando Inox,pack-lavaplatos-80x44-secador-derecho-llave-monomando-inox,64460,5,Lavaplatos,,https://victtorino.cl/producto/pack-lavaplatos-80x44-secador-derecho-llave-monomando-inox/,True,4,precio_ok(64460) | stock_ok(5) | cat_aspiracional(Lavaplatos) | margen_estimado(47%_revisar) | sin_foto
100501025-T,Receptor de Ducha Esquinero Curvo Antideslizante Acrílico Blanco 80x80,receptor-de-ducha-esquinero-curvo-antideslizante-acrilico-blanco-80x80,54264,4,Shower/Mamparas/Receptaculos,https://victtorino.cl/wp-content/uploads/2026/04/Base-1.webp,https://victtorino.cl/producto/receptor-de-ducha-esquinero-curvo-antideslizante-acrilico-blanco-80x80/,True,4,precio_ok(54264) | foto_ok | cat_aspiracional(Shower/Mamparas/Receptaculos) | margen_estimado(47%_revisar) | stock_bajo(4)
010703007-T,Espejo Rectangular 60 x 90 cm Con Borde Azul Y Líneas Celestes,espejo-rectangular-60-x-90-cm-con-borde-azul-y-lineas-celestes,53406,2,Espejos,https://victtorino.cl/wp-content/uploads/2026/03/espejo-rectangular-60x90-borde-azul-lineas-celestes-chile-01.webp,https://victtorino.cl/producto/espejo-rectangular-60-x-90-cm-con-borde-azul-y-lineas-celestes/,True,4,precio_ok(53406) | foto_ok | cat_aspiracional(Espejos) | margen_estimado(47%_revisar) | stock_bajo(2)
010603003-T,Receptáculo Ducha 70x70 CM,receptaculo-ducha-70x70-cm,46373,0,Shower/Mamparas/Receptaculos,https://victtorino.cl/wp-content/uploads/2026/03/RECEPTACULO-DUCHA-70X70-CM-1.webp,https://victtorino.cl/producto/receptaculo-ducha-70x70-cm/,False,4,BLOQUEADO_STOCK_0 | precio_ok(46373) | foto_ok | cat_aspiracional(Shower/Mamparas/Receptaculos) | margen_estimado(47%_revisar) | stock_bajo(0)
010703014-T,Espejo Circular 60 cm Led Triple  Borde Metal,espejo-circular-60-cm-led-triple-borde-metal,44965,3,Espejos,https://victtorino.cl/wp-content/uploads/2026/03/espejo-circ-60-cm-led-triple-bord-metal-victtorino-chile.webp,https://victtorino.cl/producto/espejo-circular-60-cm-led-triple-borde-metal/,True,4,precio_ok(44965) | foto_ok | cat_aspiracional(Espejos) | margen_estimado(47%_revisar) | stock_bajo(3)
010704016-T,Monomando Tina Ducha Notte,monomando-tina-ducha-notte,40024,2,Griferia,https://victtorino.cl/wp-content/uploads/2026/03/monomando-tina-ducha-notte-victtorino-chile-01.webp,https://victtorino.cl/producto/monomando-tina-ducha-notte/,True,4,precio_ok(40024) | foto_ok | cat_aspiracional(Griferia) | margen_estimado(47%_revisar) | stock_bajo(2)
040202002-T,Llave Monomando Lavamanos Alto Notte Negro,llave-monomando-lavamanos-alto-notte-negro,39574,1,Griferia,https://victtorino.cl/wp-content/uploads/2026/03/llave-monomando-ducha-modern-inoxidable-victtorino-chile-01.webp,https://victtorino.cl/producto/llave-monomando-lavamanos-alto-notte-negro/,True,4,precio_ok(39574) | foto_ok | cat_aspiracional(Griferia) | margen_estimado(47%_revisar) | stock_bajo(1)
010201001-T,Lavamanos Cristal Sobrepuesto 415 x 415 mm,lavamanos-cristal-sobrepuesto-415-x-415-mm,38307,1,Lavamanos,https://victtorino.cl/wp-content/uploads/2026/03/lavamano-cristal-sobrepuesto-415x415-victtorino-chile-01.webp,https://victtorino.cl/producto/lavamanos-cristal-sobrepuesto-415-x-415-mm/,True,4,precio_ok(38307) | foto_ok | cat_aspiracional(Lavamanos) | margen_estimado(47%_revisar) | stock_bajo(1)
040202003-T,Monomando lavamano alto inoxidable,monomando-lavamano-alto-inoxidable,35216,3,Griferia,https://victtorino.cl/wp-content/uploads/2026/03/llave-monomando-lavatorio-alto-modern-paleta-inox-victtorino-chile.webp,https://victtorino.cl/producto/monomando-lavamano-alto-inoxidable/,True,4,precio_ok(35216) | foto_ok | cat_aspiracional(Griferia) | margen_estimado(47%_revisar) | stock_bajo(3)
020101009-T,Lavaplatos Sobrepuesto 100 x 50 cm Secador Izquierdo,lavaplatos-sobrepuesto-100-x-50-cm-secador-izquierdo,34351,0,Lavaplatos,https://victtorino.cl/wp-content/uploads/2026/03/lavaplatos-sobreponer-100x50cm-secador-izquierdo-victtorino-chile.webp,https://victtorino.cl/producto/lavaplatos-sobrepuesto-100-x-50-cm-secador-izquierdo/,False,4,BLOQUEADO_STOCK_0 | precio_ok(34351) | foto_ok | cat_aspiracional(Lavaplatos) | margen_estimado(47%_revisar) | stock_bajo(0)
010704017-T,Monomando Ducha Notte Taumm,monomando-ducha-notte-taumm,34109,1,Griferia,https://victtorino.cl/wp-content/uploads/2026/03/monomando-ducha-notte-victtorino-chile.webp,https://victtorino.cl/producto/monomando-ducha-notte-taumm/,True,4,precio_ok(34109) | foto_ok | cat_aspiracional(Griferia) | margen_estimado(47%_revisar) | stock_bajo(1)
040203005-T,Llave Monomando Ducha Empotrada Dusseldorf,llave-monomando-ducha-empotrada-dusseldorf,30764,3,Griferia,https://victtorino.cl/wp-content/uploads/2026/03/llave-monomando-ducha-empotrada-dusseldorf-victtorino-chile.webp,https://victtorino.cl/producto/llave-monomando-ducha-empotrada-dusseldorf/,True,4,precio_ok(30764) | foto_ok | cat_aspiracional(Griferia) | margen_estimado(47%_revisar) | stock_bajo(3)
040202008-T,Llave Monomando Lavamanos Modern Pituto Cromado,llave-monomando-lavamanos-modern-pituto-cromado,30707,3,Griferia,https://victtorino.cl/wp-content/uploads/2026/03/llave-monomando-lavatorio-modern-pituto-cromado-victtorino-chile.webp,https://victtorino.cl/producto/llave-monomando-lavamanos-modern-pituto-cromado/,True,4,precio_ok(30707) | foto_ok | cat_aspiracional(Griferia) | margen_estimado(47%_revisar) | stock_bajo(3)
020101004-T,Lavaplatos Empotrado 80x44 cm Secador Izquierdo,lavaplatos-empotrado-80x44-cm-secador-izquierdo,30170,3,Lavaplatos,https://victtorino.cl/wp-content/uploads/2026/03/Lavaplatos-Empotrado-80×44-cm-Secador-Izquierdo-1.webp,https://victtorino.cl/producto/lavaplatos-empotrado-80x44-cm-secador-izquierdo/,True,4,precio_ok(30170) | foto_ok | cat_aspiracional(Lavaplatos) | margen_estimado(47%_revisar) | stock_bajo(3)
040202001-T,Llave Monomando Lavamanos Notte Negro,llave-monomando-lavamanos-notte-negro,30151,4,Griferia,https://victtorino.cl/wp-content/uploads/2026/03/llave-monomando-lavatorio-notte-negro-victtorino-chile.webp,https://victtorino.cl/producto/llave-monomando-lavamanos-notte-negro/,True,4,precio_ok(30151) | foto_ok | cat_aspiracional(Griferia) | margen_estimado(47%_revisar) | stock_bajo(4)
040203004-T,Llave Monomando de Ducha Domenica,llave-monomando-de-ducha-domenica,27177,0,Griferia,https://victtorino.cl/wp-content/uploads/2026/03/Llave-Monomando-de-Ducha-Domenica-1.webp,https://victtorino.cl/producto/llave-monomando-de-ducha-domenica/,False,4,BLOQUEADO_STOCK_0 | precio_ok(27177) | foto_ok | cat_aspiracional(Griferia) | margen_estimado(47%_revisar) | stock_bajo(0)
040101001-T,Llave Combinación Lavaplatos Antonella,llave-combinacion-lavaplatos-antonella,26391,0,Griferia,https://victtorino.cl/wp-content/uploads/2026/03/llave-combinacion-lavaplatos-antonella-victtorino-chile.webp,https://victtorino.cl/producto/llave-combinacion-lavaplatos-antonella/,False,4,BLOQUEADO_STOCK_0 | precio_ok(26391) | foto_ok | cat_aspiracional(Griferia) | margen_estimado(47%_revisar) | stock_bajo(0)
040203001-T,Llave Monomando Ducha al Muro Notte Negro,llave-monomando-ducha-al-muro-notte-negro,25767,1,Griferia,https://victtorino.cl/wp-content/uploads/2026/03/Llave-Monomando-Ducha-al-Muro-Notte-Negro-1.webp,https://victtorino.cl/producto/llave-monomando-ducha-al-muro-notte-negro/,True,4,precio_ok(25767) | foto_ok | cat_aspiracional(Griferia) | margen_estimado(47%_revisar) | stock_bajo(1)
010704015-T,Set Accesorios De Baños Notte (6 Piezas),set-accesorios-de-banos-notte-6-piezas,25400,9,Accesorios,https://victtorino.cl/wp-content/uploads/2026/03/set-accesorios-de-banos-notte-6-piezas-victtorino-chile.webp,https://victtorino.cl/producto/set-accesorios-de-banos-notte-6-piezas/,True,4,precio_ok(25400) | stock_ok(9) | foto_ok | margen_estimado(35%_revisar) | cat_no_aspiracional(Accesorios)
040501002-T,Cuello Cisne Lavaplatos Con Tuerca Hilo 12,cuello-cisne-lavaplatos-con-tuerca-hilo-12,25145,4,Griferia,https://victtorino.cl/wp-content/uploads/2026/03/Cuello-Cisne-Lavaplatos-Con-Tuerca-Hilo-12-1.webp,https://victtorino.cl/producto/cuello-cisne-lavaplatos-con-tuerca-hilo-12/,True,4,precio_ok(25145) | foto_ok | cat_aspiracional(Griferia) | margen_estimado(47%_revisar) | stock_bajo(4)
010703004-T,Espejo Rectangular 50 x 70 cm Con Luz Led,espejo-rectangular-50-x-70-cm-con-luz-led,23582,4,Espejos,https://victtorino.cl/wp-content/uploads/2026/03/espejo-rectangular-50x70-luz-led-victtorino-chile-01.webp,https://victtorino.cl/producto/espejo-rectangular-50-x-70-cm-con-luz-led/,True,4,precio_ok(23582) | foto_ok | cat_aspiracional(Espejos) | margen_estimado(47%_revisar) | stock_bajo(4)
040203007-T,Llave Monomando de Ducha Colomba,llave-monomando-de-ducha-colomba,22248,0,Griferia,https://victtorino.cl/wp-content/uploads/2026/03/Llave-Monomando-Ducha-Colomba-1.png,https://victtorino.cl/producto/llave-monomando-de-ducha-colomba/,False,4,BLOQUEADO_STOCK_0 | precio_ok(22248) | foto_ok | cat_aspiracional(Griferia) | margen_estimado(47%_revisar) | stock_bajo(0)
020301002-T,Llave Lavadero Lavadora Doble 3/4,llave-lavadero-lavadora-doble-3-4,20725,3,Griferia,https://victtorino.cl/wp-content/uploads/2026/03/llave-lavadero-lavadora-doble-3-4-victtorino-chile.webp,https://victtorino.cl/producto/llave-lavadero-lavadora-doble-3-4/,True,4,precio_ok(20725) | foto_ok | cat_aspiracional(Griferia) | margen_estimado(47%_revisar) | stock_bajo(3)
040201006-T,Llave Monomando Lavaplatos Vertical Colomba,llave-monomando-lavaplatos-vertical-colomba,16007,19,Griferia,https://victtorino.cl/wp-content/uploads/2026/03/Llave-Monomando-Lavaplatos-Vertical-Colomba-1.webp,https://victtorino.cl/producto/llave-monomando-lavaplatos-vertical-colomba/,True,4,stock_ok(19) | foto_ok | cat_aspiracional(Griferia) | margen_estimado(47%_revisar) | precio_fuera_rango(16007)
020101002-C,Lavaplatos empotrado de 37x32 chocolate,lavaplatos-empotrado-de-37x32-chocolate,13565,65,Lavaplatos,https://victtorino.cl/wp-content/uploads/2026/03/lavaplatos-chocolate-nuevo.webp,https://victtorino.cl/producto/lavaplatos-empotrado-de-37x32-chocolate/,True,4,stock_ok(65) | foto_ok | cat_aspiracional(Lavaplatos) | margen_estimado(47%_revisar) | precio_fuera_rango(13565)
010502005-T,Mampara Ducha 120-140 x 190,mampara-ducha-120-140-x-190,229476,2,Shower/Mamparas/Receptaculos,https://victtorino.cl/wp-content/uploads/2026/03/Mampara-Ducha-120-140-x-190-1.webp,https://victtorino.cl/producto/mampara-ducha-120-140-x-190/,True,3,foto_ok | cat_aspiracional(Shower/Mamparas/Receptaculos) | margen_estimado(47%_revisar) | precio_fuera_rango(229476) | stock_bajo(2)
010603001-T,Receptaculo Ducha con Patas 120x70 cm,receptaculo-ducha-con-patas-120x70-cm,210691,0,Shower/Mamparas/Receptaculos,https://victtorino.cl/wp-content/uploads/2026/03/Receptaculo.webp,https://victtorino.cl/producto/receptaculo-ducha-con-patas-120x70-cm/,False,3,BLOQUEADO_STOCK_0 | foto_ok | cat_aspiracional(Shower/Mamparas/Receptaculos) | margen_estimado(47%_revisar) | precio_fuera_rango(210691) | stock_bajo(0)
020102008-W,WC Victtorino – Diseño Compacto y Eficiente,wc-victtorino-diseno-compacto-y-eficiente,135660,1,Accesorios,https://victtorino.cl/wp-content/uploads/2026/03/wc-victtorino-diseno-compacto-eficiente-01.webp,https://victtorino.cl/producto/wc-victtorino-diseno-compacto-y-eficiente/,True,3,precio_ok(135660) | foto_ok | margen_estimado(35%_revisar) | stock_bajo(1) | cat_no_aspiracional(Accesorios)
040303004-T,Fluxómetro De Palanca Con Llave De Corte S,fluxometro-de-palanca-con-llave-de-corte-s,109895,3,Accesorios,https://victtorino.cl/wp-content/uploads/2026/03/fluxometro-palanca-con-valvula-corte-s-victtorino-chile.webp,https://victtorino.cl/producto/fluxometro-de-palanca-con-llave-de-corte-s/,True,3,precio_ok(109895) | foto_ok | margen_estimado(35%_revisar) | stock_bajo(3) | cat_no_aspiracional(Accesorios)
040303003-T,Fluxómetro con Palanca de 1,fluxometro-con-palanca-de-1,105008,4,Accesorios,https://victtorino.cl/wp-content/uploads/2026/03/Fluxometro-con-Palanca-de-1-1.webp,https://victtorino.cl/producto/fluxometro-con-palanca-de-1/,True,3,precio_ok(105008) | foto_ok | margen_estimado(35%_revisar) | stock_bajo(4) | cat_no_aspiracional(Accesorios)
020101014-T,Lavaplatos Para Sobreponer 180x50 Cm 2 Bachas 2 Secadores,lavaplatos-para-sobreponer-180x50-cm-2-bachas-2-secadores,104465,0,Lavaplatos,,https://victtorino.cl/producto/lavaplatos-para-sobreponer-180x50-cm-2-bachas-2-secadores/,False,3,BLOQUEADO_STOCK_0 | precio_ok(104465) | cat_aspiracional(Lavaplatos) | margen_estimado(47%_revisar) | stock_bajo(0) | sin_foto
020101005-T,LAVAPLATOS SIMPLE EMPOTRADO 686X456 MM HAMBURG,lavaplatos-simple-empotrado-686x456-mm-hamburg,101006,3,Lavaplatos,,https://victtorino.cl/producto/lavaplatos-simple-empotrado-686x456-mm-hamburg/,True,3,precio_ok(101006) | cat_aspiracional(Lavaplatos) | margen_estimado(47%_revisar) | stock_bajo(3) | sin_foto
020101013-T,Lavaplatos Para Sobreponer 150x50x16 Cm 2 Bachas 2 Secadores,lavaplatos-para-sobreponer-150x50x16-cm-2-bachas-2-secadores,98100,4,Lavaplatos,,https://victtorino.cl/producto/lavaplatos-para-sobreponer-150x50x16-cm-2-bachas-2-secadores/,True,3,precio_ok(98100) | cat_aspiracional(Lavaplatos) | margen_estimado(47%_revisar) | stock_bajo(4) | sin_foto
020101018-T,Pack Lavaplatos 100x44 Secador Izquierdo + Llave Monomando Inox,pack-lavaplatos-100x44-secador-izquierdo-llave-monomando-inox,67699,1,Lavaplatos,,https://victtorino.cl/producto/pack-lavaplatos-100x44-secador-izquierdo-llave-monomando-inox/,True,3,precio_ok(67699) | cat_aspiracional(Lavaplatos) | margen_estimado(47%_revisar) | stock_bajo(1) | sin_foto
020101017-T,Pack Lavaplatos 100x44 Secador Derecho + Llave Monomando Inox,pack-lavaplatos-100x44-secador-derecho-llave-monomando-inox,67699,3,Lavaplatos,,https://victtorino.cl/producto/pack-lavaplatos-100x44-secador-derecho-llave-monomando-inox/,True,3,precio_ok(67699) | cat_aspiracional(Lavaplatos) | margen_estimado(47%_revisar) | stock_bajo(3) | sin_foto
020101016-T,Pack Lavaplatos 80x44 Secador Izquierdo + Llave Monomando Inox,pack-lavaplatos-80x44-secador-izquierdo-llave-monomando-inox,64460,3,Lavaplatos,,https://victtorino.cl/producto/pack-lavaplatos-80x44-secador-izquierdo-llave-monomando-inox/,True,3,precio_ok(64460) | cat_aspiracional(Lavaplatos) | margen_estimado(47%_revisar) | stock_bajo(3) | sin_foto
010102002-T,Barra Abatible para Wc 78 cm,barra-abatible-para-wc-78-cm,61120,0,Accesorios,https://victtorino.cl/wp-content/uploads/2026/03/barra-abatible-wc-victtorino-chile-3.webp,https://victtorino.cl/producto/barra-abatible-para-wc-78-cm/,False,3,BLOQUEADO_STOCK_0 | precio_ok(61120) | foto_ok | margen_estimado(35%_revisar) | stock_bajo(0) | cat_no_aspiracional(Accesorios)
010102008-T,Barra De Seguridad De Acero Inoxidable Con 3 Puntos De Apoyo 90° Para Muro,barra-de-seguridad-de-acero-inoxidable-con-3-puntos-de-apoyo-90-para-muro,40022,1,Accesorios,https://victtorino.cl/wp-content/uploads/2026/03/barra-seguridad-acero-inoxidable-3-puntos-90-grados-chile-01.webp,https://victtorino.cl/producto/barra-de-seguridad-de-acero-inoxidable-con-3-puntos-de-apoyo-90-para-muro/,True,3,precio_ok(40022) | foto_ok | margen_estimado(35%_revisar) | stock_bajo(1) | cat_no_aspiracional(Accesorios)
010102007-T,Barra 3 Apoyos 90 Esquinera,barra-3-apoyos-90-esquinera,36977,3,Accesorios,https://victtorino.cl/wp-content/uploads/2026/03/Barra-3-Apoyos-90-Esquinera-1.webp,https://victtorino.cl/producto/barra-3-apoyos-90-esquinera/,True,3,precio_ok(36977) | foto_ok | margen_estimado(35%_revisar) | stock_bajo(3) | cat_no_aspiracional(Accesorios)
010701012-T,Portapapel Higiénico Industrial Acero,portapapel-higienico-industrial-acero,33689,3,Accesorios,https://victtorino.cl/wp-content/uploads/2026/03/portapapel-higienico-industrial-acero-victtorino-chile.webp,https://victtorino.cl/producto/portapapel-higienico-industrial-acero/,True,3,precio_ok(33689) | foto_ok | margen_estimado(35%_revisar) | stock_bajo(3) | cat_no_aspiracional(Accesorios)
010701008-T,Dispensador Jabon Lavaplatos Cuerpo Metálico,dispensador-jabon-lavaplatos-cuerpo-metalico,33611,0,Dispensador,https://victtorino.cl/wp-content/uploads/2026/03/Dispensador-Jabon-Lavaplatos-Cuerpo-Metalico-1.webp,https://victtorino.cl/producto/dispensador-jabon-lavaplatos-cuerpo-metalico/,False,3,BLOQUEADO_STOCK_0 | precio_ok(33611) | foto_ok | margen_estimado(35%_revisar) | stock_bajo(0) | cat_no_aspiracional(Dispensador)
,Servicio de Instalación (Solo RM y V Región),servicio-instalacion-rm-v-region,29738,0,Instalación LiLi,https://victtorino.cl/wp-content/uploads/2026/05/service-1764448871066.png,https://victtorino.cl/producto/servicio-instalacion-rm-v-region/,False,3,BLOQUEADO_STOCK_0 | precio_ok(29738) | foto_ok | margen_estimado(35%_revisar) | stock_bajo(0) | cat_no_aspiracional(Instalación LiLi)
010701005-T,Porta Toalla Repisa 60 cm Al Muro,porta-toalla-repisa-60-cm-al-muro,26947,4,Accesorios,https://victtorino.cl/wp-content/uploads/2026/03/porta-toalla-repisa-60-cm-al-muro-victtorino-chile.webp,https://victtorino.cl/producto/porta-toalla-repisa-60-cm-al-muro/,True,3,precio_ok(26947) | foto_ok | margen_estimado(35%_revisar) | stock_bajo(4) | cat_no_aspiracional(Accesorios)
020201003-T,Bandeja Lavaplatos Hannover,bandeja-lavaplatos-hannover,25075,0,Accesorios,https://victtorino.cl/wp-content/uploads/2026/03/bandeja-lavaplatos-hannover-chile-01.webp,https://victtorino.cl/producto/bandeja-lavaplatos-hannover/,False,3,BLOQUEADO_STOCK_0 | precio_ok(25075) | foto_ok | margen_estimado(35%_revisar) | stock_bajo(0) | cat_no_aspiracional(Accesorios)
020101019-T,Pack Lavaplatos 37x32 + Llave Lavacopa Inox,pack-lavaplatos-37x32-llave-lavacopa-inox,24936,4,Lavaplatos,,https://victtorino.cl/producto/pack-lavaplatos-37x32-llave-lavacopa-inox/,True,3,precio_ok(24936) | cat_aspiracional(Lavaplatos) | margen_estimado(47%_revisar) | stock_bajo(4) | sin_foto
040201012-T,Combinación Lavaplato En V Vander,combinacion-lavaplato-en-v-vander,20148,1,Accesorios,https://victtorino.cl/wp-content/uploads/2026/03/combinacion-lavaplato-en-v-vander-muy-mejor-victtorino-chile.webp,https://victtorino.cl/producto/combinacion-lavaplato-en-v-vander/,True,3,precio_ok(20148) | foto_ok | margen_estimado(35%_revisar) | stock_bajo(1) | cat_no_aspiracional(Accesorios)
040302001-T,Urinario sin Válvula de Corte,urinario-sin-valvula-de-corte,19643,8,Accesorios,https://victtorino.cl/wp-content/uploads/2026/03/Urinario-sin-Valvula-de-Corte-1.webp,https://victtorino.cl/producto/urinario-sin-valvula-de-corte/,True,3,stock_ok(8) | foto_ok | margen_estimado(35%_revisar) | precio_fuera_rango(19643) | cat_no_aspiracional(Accesorios)
010102001-T,Barra De Seguridad 135° Con Jabonera,barra-de-seguridad-135-con-jabonera,18473,6,Accesorios,https://victtorino.cl/wp-content/uploads/2026/03/barra-de-seguridad-wc-135-con-jabonera-victtorino-chile.webp,https://victtorino.cl/producto/barra-de-seguridad-135-con-jabonera/,True,3,stock_ok(6) | foto_ok | margen_estimado(35%_revisar) | precio_fuera_rango(18473) | cat_no_aspiracional(Accesorios)
040101001-C,Válvula Desvío Diverter 3 Vías 1/2 x 3/4 – Control de Flujo Preciso y Eficiente,valvula-desvio-diverter-3-vias-1-2-x-3-4-control-de-flujo-preciso-y-eficiente,17705,270,Accesorios,https://victtorino.cl/wp-content/uploads/2026/03/valvula-desvio-diverter-3-vias-12-x-34-victtorino-chile-1.webp,https://victtorino.cl/producto/valvula-desvio-diverter-3-vias-1-2-x-3-4-control-de-flujo-preciso-y-eficiente/,True,3,stock_ok(270) | foto_ok | margen_estimado(35%_revisar) | precio_fuera_rango(17705) | cat_no_aspiracional(Accesorios)
010301004-T,Kit Estanque Wc,kit-estanque-wc,14811,5,Accesorios,https://victtorino.cl/wp-content/uploads/2026/03/kit-estanque-wc-victtorino-chile.webp,https://victtorino.cl/producto/kit-estanque-wc/,True,3,stock_ok(5) | foto_ok | margen_estimado(35%_revisar) | precio_fuera_rango(14811) | cat_no_aspiracional(Accesorios)
020201005-T,Bandeja Canasto Esquinero Baño,bandeja-canasto-esquinero-bano,14501,9,Accesorios,https://victtorino.cl/wp-content/uploads/2026/03/bandeja-canasto-esquinero-victtorino-chile-01.webp,https://victtorino.cl/producto/bandeja-canasto-esquinero-bano/,True,3,stock_ok(9) | foto_ok | margen_estimado(35%_revisar) | precio_fuera_rango(14501) | cat_no_aspiracional(Accesorios)
040202005-T,Llave Monomando Lavamanos Colomba,llave-monomando-lavamanos-colomba,13934,3,Griferia,https://victtorino.cl/wp-content/uploads/2026/03/monomando-lavamanos-lavatorio-colomba-victtorino-chile.webp,https://victtorino.cl/producto/llave-monomando-lavamanos-colomba/,True,3,foto_ok | cat_aspiracional(Griferia) | margen_estimado(47%_revisar) | precio_fuera_rango(13934) | stock_bajo(3)
020103006-T,Llave Lavacopas Inoxidable,llave-lavacopas-inoxidable,11370,3,Griferia,https://victtorino.cl/wp-content/uploads/2026/03/Llave-Lavacopas-Inoxidable-1.webp,https://victtorino.cl/producto/llave-lavacopas-inoxidable/,True,3,foto_ok | cat_aspiracional(Griferia) | margen_estimado(47%_revisar) | precio_fuera_rango(11370) | stock_bajo(3)
010102005-T,Barra De Seguridad Recta 40 cm,barra-de-seguridad-recta-40-cm,11297,6,Accesorios,https://victtorino.cl/wp-content/uploads/2026/03/barra-seguridad-recta-30-40-y-60-cm-victtorino-chile.webp,https://victtorino.cl/producto/barra-de-seguridad-recta-40-cm/,True,3,stock_ok(6) | foto_ok | margen_estimado(35%_revisar) | precio_fuera_rango(11297) | cat_no_aspiracional(Accesorios)
020301001-T,Llave Lavadero Con Flange He He 1/2 3/4,llave-lavadero-con-flange-he-he-1-2-3-4,10941,4,Griferia,https://victtorino.cl/wp-content/uploads/2026/03/llave-lavadero-con-flange-he-he-1-2-3-4-victtorino-chile.webp,https://victtorino.cl/producto/llave-lavadero-con-flange-he-he-1-2-3-4/,True,3,foto_ok | cat_aspiracional(Griferia) | margen_estimado(47%_revisar) | precio_fuera_rango(10941) | stock_bajo(4)
010103001-T,Brazo Ducha Entrada Flexible 30 cm,brazo-ducha-entrada-flexible-30-cm,10576,5,Accesorios,https://victtorino.cl/wp-content/uploads/2026/03/Brazo-Ducha-Entrada-Flexible-30-CM-2.webp,https://victtorino.cl/producto/brazo-ducha-entrada-flexible-30-cm/,True,3,stock_ok(5) | foto_ok | margen_estimado(35%_revisar) | precio_fuera_rango(10576) | cat_no_aspiracional(Accesorios)
010301003-T,Kit Wc De Anclaje Antifuga Con Admisión,kit-wc-de-anclaje-antifuga-con-admision,10399,9,Accesorios,https://victtorino.cl/wp-content/uploads/2026/03/kit-wc-anclaje-antifuga-admision-victtorino-chile.webp,https://victtorino.cl/producto/kit-wc-de-anclaje-antifuga-con-admision/,True,3,stock_ok(9) | foto_ok | margen_estimado(35%_revisar) | precio_fuera_rango(10399) | cat_no_aspiracional(Accesorios)
020203004-T,Sifón Económico Lavamanos 1 1/4,sifon-economico-lavamanos-1-1-4,7840,8,Accesorios,https://victtorino.cl/wp-content/uploads/2026/03/sifon-economico-lavamanos-1-1-4-victtorino-chile-01.webp,https://victtorino.cl/producto/sifon-economico-lavamanos-1-1-4/,True,3,stock_ok(8) | foto_ok | margen_estimado(35%_revisar) | precio_fuera_rango(7840) | cat_no_aspiracional(Accesorios)
030102004-T,Llave De Paso Para Gas Hi-He 1/2,llave-de-paso-para-gas-hi-he-1-2,5852,4,Griferia,https://victtorino.cl/wp-content/uploads/2026/03/llave-paso-gas-hi-he-1-2-victtorino-chile.webp,https://victtorino.cl/producto/llave-de-paso-para-gas-hi-he-1-2/,True,3,foto_ok | cat_aspiracional(Griferia) | margen_estimado(47%_revisar) | precio_fuera_rango(5852) | stock_bajo(4)
040501005-T,Flexible Para Llave Profesional,flexible-para-llave-profesional,5415,8,Accesorios,https://victtorino.cl/wp-content/uploads/2026/03/flexible-llave-profesional-victtorino-chile.webp,https://victtorino.cl/producto/flexible-para-llave-profesional/,True,3,stock_ok(8) | foto_ok | margen_estimado(35%_revisar) | precio_fuera_rango(5415) | cat_no_aspiracional(Accesorios)
010301015-T,Válvula De Carga Lateral,valvula-de-carga-lateral,5089,11,Accesorios,https://victtorino.cl/wp-content/uploads/2026/03/valvula-carga-lateral-wc-chile-01.webp,https://victtorino.cl/producto/valvula-de-carga-lateral/,True,3,stock_ok(11) | foto_ok | margen_estimado(35%_revisar) | precio_fuera_rango(5089) | cat_no_aspiracional(Accesorios)
020202008-T,Desagüe de Rebalse Flexible 3 1/2,desague-de-rebalse-flexible-3-1-2,4709,58,Accesorios,https://victtorino.cl/wp-content/uploads/2026/03/desague-rebalse-flexible-3-1-2-victtorino-chile-01.webp,https://victtorino.cl/producto/desague-de-rebalse-flexible-3-1-2/,True,3,stock_ok(58) | foto_ok | margen_estimado(35%_revisar) | precio_fuera_rango(4709) | cat_no_aspiracional(Accesorios)
010103002-T,Brazo Ducha Al Muro 30 cm,brazo-ducha-al-muro-30-cm,4588,7,Accesorios,https://victtorino.cl/wp-content/uploads/2026/03/brazo-ducha-al-muro-30-cm-victtorino-chile.webp,https://victtorino.cl/producto/brazo-ducha-al-muro-30-cm/,True,3,stock_ok(7) | foto_ok | margen_estimado(35%_revisar) | precio_fuera_rango(4588) | cat_no_aspiracional(Accesorios)
020203001-T,Sifón Lavaplatos 1 1/2 Tubo Plástico,sifon-lavaplatos-1-1-2-tubo-plastico,3925,5,Accesorios,https://victtorino.cl/wp-content/uploads/2026/03/Sifon-Lavaplatos-1-12-Tubo-Plastico-1.webp,https://victtorino.cl/producto/sifon-lavaplatos-1-1-2-tubo-plastico/,True,3,stock_ok(5) | foto_ok | margen_estimado(35%_revisar) | precio_fuera_rango(3925) | cat_no_aspiracional(Accesorios)
030101009-T,Manguera de Ducha Flexible Cromada 185 cm Inoxidable,manguera-de-ducha-flexible-cromada-185-cm-inoxidable,3830,6,Accesorios,https://victtorino.cl/wp-content/uploads/2026/03/manguera-ducha-flexible-cromada-185cm-inoxidable-chile-01.webp,https://victtorino.cl/producto/manguera-de-ducha-flexible-cromada-185-cm-inoxidable/,True,3,stock_ok(6) | foto_ok | margen_estimado(35%_revisar) | precio_fuera_rango(3830) | cat_no_aspiracional(Accesorios)
030101008-T,Manguera Entrada Agua Lavadora,manguera-entrada-agua-lavadora,3100,28,Accesorios,https://victtorino.cl/wp-content/uploads/2026/03/Manguera-Entrada-Agua-Lavadora-1.jpg,https://victtorino.cl/producto/manguera-entrada-agua-lavadora/,True,3,stock_ok(28) | foto_ok | margen_estimado(35%_revisar) | precio_fuera_rango(3100) | cat_no_aspiracional(Accesorios)
010205001-T,Sifón Lavamanos 1 1/4 Codo Plástico,sifon-lavamanos-1-1-4-codo-plastico,2780,7,Accesorios,https://victtorino.cl/wp-content/uploads/2026/03/sifon-lavatorio-1-1-4-codo-plastico-victtorino-chile.webp,https://victtorino.cl/producto/sifon-lavamanos-1-1-4-codo-plastico/,True,3,stock_ok(7) | foto_ok | margen_estimado(35%_revisar) | precio_fuera_rango(2780) | cat_no_aspiracional(Accesorios)
010105001-T,Ducha Fija Muro Difusor Plástico,ducha-fija-muro-difusor-plastico,2444,9,Accesorios,https://victtorino.cl/wp-content/uploads/2026/03/Ducha-Fija-Muro-Difusor-Plastico-1.webp,https://victtorino.cl/producto/ducha-fija-muro-difusor-plastico/,True,3,stock_ok(9) | foto_ok | margen_estimado(35%_revisar) | precio_fuera_rango(2444) | cat_no_aspiracional(Accesorios)
030102003-K,Toallas Interfoliadas Paquete 200 Unidades,toallas-interfoliadas-paquete-200-unidades,2219,172,Accesorios,https://victtorino.cl/wp-content/uploads/2026/03/toalla-interfoliada-200-unidades-victtorino-chile-1.webp,https://victtorino.cl/producto/toallas-interfoliadas-paquete-200-unidades/,True,3,stock_ok(172) | foto_ok | margen_estimado(35%_revisar) | precio_fuera_rango(2219) | cat_no_aspiracional(Accesorios)
030101004-T,Flexible de Agua Trenzada HE/HI 35 cm,flexible-de-agua-trenzada-he-hi-35-cm,2208,5,Accesorios,https://victtorino.cl/wp-content/uploads/2026/03/flexible-agua-trenzada-he-hi-35cm-victtorino-chile-01.webp,https://victtorino.cl/producto/flexible-de-agua-trenzada-he-hi-35-cm/,True,3,stock_ok(5) | foto_ok | margen_estimado(35%_revisar) | precio_fuera_rango(2208) | cat_no_aspiracional(Accesorios)
010301018-T,Sello Antifuga - Mirage,sello-antifuga-mirage,1570,5,Accesorios,https://victtorino.cl/wp-content/uploads/2026/03/sello-antifuga-para-wc-victtorino-chile.webp,https://victtorino.cl/producto/sello-antifuga-mirage/,True,3,stock_ok(5) | foto_ok | margen_estimado(35%_revisar) | precio_fuera_rango(1570) | cat_no_aspiracional(Accesorios)
020201001-T,Codo Para Lavaplatos Con Salida A Sifón,codo-para-lavaplatos-con-salida-a-sifon,1063,11,Accesorios,https://victtorino.cl/wp-content/uploads/2026/03/codo-lavaplatos-salida-sifon-victtorino-chile.webp,https://victtorino.cl/producto/codo-para-lavaplatos-con-salida-a-sifon/,True,3,stock_ok(11) | foto_ok | margen_estimado(35%_revisar) | precio_fuera_rango(1063) | cat_no_aspiracional(Accesorios)
030102001-K,Papel Higiénico Industrial 216 mt,papel-higienico-industrial-216-mt,954,74,Accesorios,https://victtorino.cl/wp-content/uploads/2026/03/papel-higienico-victtorino-chile-01.webp,https://victtorino.cl/producto/papel-higienico-industrial-216-mt/,True,3,stock_ok(74) | foto_ok | margen_estimado(35%_revisar) | precio_fuera_rango(954) | cat_no_aspiracional(Accesorios)
010501023-T,SHOWER DOOR 90X90X195 CUADRADO DISCRETO,shower-door-90x90x195-cuadrado-discreto,272320,0,Shower/Mamparas/Receptaculos,,https://victtorino.cl/producto/shower-door-90x90x195-cuadrado-discreto/,False,2,BLOQUEADO_STOCK_0 | cat_aspiracional(Shower/Mamparas/Receptaculos) | margen_estimado(47%_revisar) | precio_fuera_rango(272320) | stock_bajo(0) | sin_foto
010501021-T,SHOWER DOOR 80x80x195 CUADRADO TRANSPARENTE,shower-door-80x80x195-cuadrado-transparente-2,231945,0,Shower/Mamparas/Receptaculos,,https://victtorino.cl/producto/shower-door-80x80x195-cuadrado-transparente-2/,False,2,BLOQUEADO_STOCK_0 | cat_aspiracional(Shower/Mamparas/Receptaculos) | margen_estimado(47%_revisar) | precio_fuera_rango(231945) | stock_bajo(0) | sin_foto
010501022-T,SHOWER DOOR 80X80X195 CUADRADO TRANSPARENTE,shower-door-80x80x195-cuadrado-transparente,187690,3,Shower/Mamparas/Receptaculos,,https://victtorino.cl/producto/shower-door-80x80x195-cuadrado-transparente/,False,2,cat_aspiracional(Shower/Mamparas/Receptaculos) | margen_estimado(47%_revisar) | precio_fuera_rango(187690) | stock_bajo(3) | sin_foto
020802002-T,Columna Ducha Simple sin Griferia,columna-ducha-simple-sin-griferia,38220,1,Accesorios,,https://victtorino.cl/producto/columna-ducha-simple-sin-griferia/,False,2,precio_ok(38220) | margen_estimado(35%_revisar) | stock_bajo(1) | sin_foto | cat_no_aspiracional(Accesorios)
010702003-T,Papelero Pedal 12 L,papelero-pedal-12-l,19955,1,Accesorios,https://victtorino.cl/wp-content/uploads/2026/03/papelero-pedal-12-l-victtorino-chile.webp,https://victtorino.cl/producto/papelero-pedal-12-l/,False,2,foto_ok | margen_estimado(35%_revisar) | precio_fuera_rango(19955) | stock_bajo(1) | cat_no_aspiracional(Accesorios)
010801004-T,Kit Ducha Bidet Árabe,kit-ducha-bidet-arabe,19841,3,Accesorios,https://victtorino.cl/wp-content/uploads/2026/03/kit-ducha-bidet-arabe-victtorino-chile.webp,https://victtorino.cl/producto/kit-ducha-bidet-arabe/,False,2,foto_ok | margen_estimado(35%_revisar) | precio_fuera_rango(19841) | stock_bajo(3) | cat_no_aspiracional(Accesorios)
010704012-T,Set Accesorios Baño Colomba 6 Piezas,set-accesorios-bano-colomba-6-piezas,19542,4,Accesorios,https://victtorino.cl/wp-content/uploads/2026/03/set-accesorios-bano-colomba-6-piezas-victtorino-chile-1.webp,https://victtorino.cl/producto/set-accesorios-bano-colomba-6-piezas/,False,2,foto_ok | margen_estimado(35%_revisar) | precio_fuera_rango(19542) | stock_bajo(4) | cat_no_aspiracional(Accesorios)
010403001-T,Sifon Urinario 1 1/4 Metálico,sifon-urinario-1-1-4-metalico,19491,3,Accesorios,https://victtorino.cl/wp-content/uploads/2026/03/Sifon-Urinario-1-14-Metalico-1.webp,https://victtorino.cl/producto/sifon-urinario-1-1-4-metalico/,False,2,foto_ok | margen_estimado(35%_revisar) | precio_fuera_rango(19491) | stock_bajo(3) | cat_no_aspiracional(Accesorios)
010704011-T,Set Accesorios Baño Colomba 5 Piezas,set-accesorios-bano-colomba-5-piezas,18031,1,Accesorios,https://victtorino.cl/wp-content/uploads/2026/03/set-accesorios-bano-colomba-5-piezas-victtorino-chile-1.webp,https://victtorino.cl/producto/set-accesorios-bano-colomba-5-piezas/,False,2,foto_ok | margen_estimado(35%_revisar) | precio_fuera_rango(18031) | stock_bajo(1) | cat_no_aspiracional(Accesorios)
020203002-T,Sifón Lavaplatos 1 1/2 Botella Metálico,sifon-lavaplatos-1-1-2-botella-metalico,16990,0,Accesorios,https://victtorino.cl/wp-content/uploads/2026/03/Sifon-Lavaplatos-1-12-Botella-Metalico-1.webp,https://victtorino.cl/producto/sifon-lavaplatos-1-1-2-botella-metalico/,False,2,BLOQUEADO_STOCK_0 | foto_ok | margen_estimado(35%_revisar) | precio_fuera_rango(16990) | stock_bajo(0) | cat_no_aspiracional(Accesorios)
010104004-T,Plato Ducha Cuadrado Acero 25 cm Schwartz Negro,plato-ducha-cuadrado-acero-25-cm-schwartz-negro,16716,2,Accesorios,https://victtorino.cl/wp-content/uploads/2026/03/plato-ducha-cuadrado-acero-25-cm-schwartz-negro-victtorino-chile-3.webp,https://victtorino.cl/producto/plato-ducha-cuadrado-acero-25-cm-schwartz-negro/,False,2,foto_ok | margen_estimado(35%_revisar) | precio_fuera_rango(16716) | stock_bajo(2) | cat_no_aspiracional(Accesorios)
010104001-T,Plato Ducha Cuadrado Acero Inoxidable 25 Cm Sin Brazo,plato-ducha-cuadrado-acero-inoxidable-25-cm-sin-brazo,16322,10,Accesorios,,https://victtorino.cl/producto/plato-ducha-cuadrado-acero-inoxidable-25-cm-sin-brazo/,False,2,stock_ok(10) | margen_estimado(35%_revisar) | precio_fuera_rango(16322) | sin_foto | cat_no_aspiracional(Accesorios)
010102003-T,Barra Ducha Deslizable 65 cm,barra-ducha-deslizable-65-cm,15090,2,Accesorios,https://victtorino.cl/wp-content/uploads/2026/03/Barra-Ducha-Deslizable-65-cm-1.webp,https://victtorino.cl/producto/barra-ducha-deslizable-65-cm/,False,2,foto_ok | margen_estimado(35%_revisar) | precio_fuera_rango(15090) | stock_bajo(2) | cat_no_aspiracional(Accesorios)
010104003-T,Plato de Ducha Redondo 20 cm,plato-de-ducha-redondo-20-cm,15003,4,Accesorios,https://victtorino.cl/wp-content/uploads/2026/03/Plato-de-Ducha-Redondo-20-cm-1.webp,https://victtorino.cl/producto/plato-de-ducha-redondo-20-cm/,False,2,foto_ok | margen_estimado(35%_revisar) | precio_fuera_rango(15003) | stock_bajo(4) | cat_no_aspiracional(Accesorios)
010204001-T,Desagüe Click Clack Metal Con Rebalse 1 1/4 Para Lavamanos,desague-click-clack-metal-con-rebalse-1-1-4-para-lavamanos,14808,0,Accesorios,https://victtorino.cl/wp-content/uploads/2026/03/desague-lavatorio-1-1-4-click-clack-rebalse-victtorino-chile.webp,https://victtorino.cl/producto/desague-click-clack-metal-con-rebalse-1-1-4-para-lavamanos/,False,2,BLOQUEADO_STOCK_0 | foto_ok | margen_estimado(35%_revisar) | precio_fuera_rango(14808) | stock_bajo(0) | cat_no_aspiracional(Accesorios)
010102006-T,Barra de Seguridad Recta 60 cm,barra-de-seguridad-recta-60-cm,14767,2,Accesorios,https://victtorino.cl/wp-content/uploads/2026/03/Barra-de-Seguridad-Recta-60-cm-2.webp,https://victtorino.cl/producto/barra-de-seguridad-recta-60-cm/,False,2,foto_ok | margen_estimado(35%_revisar) | precio_fuera_rango(14767) | stock_bajo(2) | cat_no_aspiracional(Accesorios)
010701006-T,Dispensador de Jabón 500 ml,dispensador-de-jabon-500-ml,13536,2,Dispensador,https://victtorino.cl/wp-content/uploads/2026/03/Dispensador-de-Jabon-500-ml-1.webp,https://victtorino.cl/producto/dispensador-de-jabon-500-ml/,False,2,foto_ok | margen_estimado(35%_revisar) | precio_fuera_rango(13536) | stock_bajo(2) | cat_no_aspiracional(Dispensador)
010702006-T,Papelero Pedal 8 L,papelero-pedal-8-l,12958,0,Accesorios,https://victtorino.cl/wp-content/uploads/2026/03/papelero-pedal-8-l-victtorino-chile.webp,https://victtorino.cl/producto/papelero-pedal-8-l/,False,2,BLOQUEADO_STOCK_0 | foto_ok | margen_estimado(35%_revisar) | precio_fuera_rango(12958) | stock_bajo(0) | cat_no_aspiracional(Accesorios)
020103005-T,LAVACOPA NOTTE,lavacopa-notte,12076,2,Griferia,,https://victtorino.cl/producto/lavacopa-notte/,False,2,cat_aspiracional(Griferia) | margen_estimado(47%_revisar) | precio_fuera_rango(12076) | stock_bajo(2) | sin_foto
010301011-T,Válvula Descarga Dual Flush Estanque Tradicional,valvula-descarga-dual-flush-estanque-tradicional,11845,3,Accesorios,https://victtorino.cl/wp-content/uploads/2026/03/Valvula-Descarga-Dual-Flush-Estanque-Tradicional-1.webp,https://victtorino.cl/producto/valvula-descarga-dual-flush-estanque-tradicional/,False,2,foto_ok | margen_estimado(35%_revisar) | precio_fuera_rango(11845) | stock_bajo(3) | cat_no_aspiracional(Accesorios)
010704003-T,Jabonera Inoxidable,jabonera-inoxidable,11633,1,Accesorios,https://victtorino.cl/wp-content/uploads/2026/03/jabonera-inoxidable-victtorino-chile.webp,https://victtorino.cl/producto/jabonera-inoxidable/,False,2,foto_ok | margen_estimado(35%_revisar) | precio_fuera_rango(11633) | stock_bajo(1) | cat_no_aspiracional(Accesorios)
010102004-T,Barra de Apoyo 30 cm para Baño,barra-de-apoyo-30-cm-para-bano,11091,3,Accesorios,https://victtorino.cl/wp-content/uploads/2026/03/barra-de-apoyo-30-cm-para-bano-victtorino-chile-01.webp,https://victtorino.cl/producto/barra-de-apoyo-30-cm-para-bano/,False,2,foto_ok | margen_estimado(35%_revisar) | precio_fuera_rango(11091) | stock_bajo(3) | cat_no_aspiracional(Accesorios)
010704020-T,Toallero Baño-Barra de 61 cm Linea Schwarz,toallero-bano-barra-de-61-cm-linea-schwarz,10915,0,Accesorios,https://victtorino.cl/wp-content/uploads/2026/03/toallero-barra-61cm-linea-schwarz-victtorino-chile-01.webp,https://victtorino.cl/producto/toallero-bano-barra-de-61-cm-linea-schwarz/,False,2,BLOQUEADO_STOCK_0 | foto_ok | margen_estimado(35%_revisar) | precio_fuera_rango(10915) | stock_bajo(0) | cat_no_aspiracional(Accesorios)
010704007-T,Porta Rollo Inoxidable,porta-rollo-inoxidable,10464,1,Accesorios,https://victtorino.cl/wp-content/uploads/2026/03/porta-rollo-inoxidable-victtorino-chile.webp,https://victtorino.cl/producto/porta-rollo-inoxidable/,False,2,foto_ok | margen_estimado(35%_revisar) | precio_fuera_rango(10464) | stock_bajo(1) | cat_no_aspiracional(Accesorios)
010204002-T,Desagüe Click Clack Metal 1 1/4 Cromado Lavamanos,desague-click-clack-metal-1-1-4-cromado-lavamanos,10105,0,Accesorios,https://victtorino.cl/wp-content/uploads/2026/03/desague-click-clack-metal-1-1-4-cromado-sin-rebalse-victtorino-chile.webp,https://victtorino.cl/producto/desague-click-clack-metal-1-1-4-cromado-lavamanos/,False,2,BLOQUEADO_STOCK_0 | foto_ok | margen_estimado(35%_revisar) | precio_fuera_rango(10105) | stock_bajo(0) | cat_no_aspiracional(Accesorios)
010702002-T,Papelero Pedal 5 L,papelero-pedal-5-l,10046,2,Accesorios,https://victtorino.cl/wp-content/uploads/2026/03/papelero-pedal-5-l-victtorino-chile.webp,https://victtorino.cl/producto/papelero-pedal-5-l/,False,2,foto_ok | margen_estimado(35%_revisar) | precio_fuera_rango(10046) | stock_bajo(2) | cat_no_aspiracional(Accesorios)
010103004-T,Brazo Ducha Al Muro 40 cm Schwartz Negro,brazo-ducha-al-muro-40-cm-schwartz-negro,9615,2,Accesorios,https://victtorino.cl/wp-content/uploads/2026/03/brazo-ducha-mural-negro-40cm-victtorino-chile-1.webp,https://victtorino.cl/producto/brazo-ducha-al-muro-40-cm-schwartz-negro/,False,2,foto_ok | margen_estimado(35%_revisar) | precio_fuera_rango(9615) | stock_bajo(2) | cat_no_aspiracional(Accesorios)
010602002-T,Desague Tina 1 1/2 Metalico,desague-tina-1-1-2-metalico,8969,3,Accesorios,https://victtorino.cl/wp-content/uploads/2026/03/desague-tina-metalico-1-1-2-victtorino-chile.webp,https://victtorino.cl/producto/desague-tina-1-1-2-metalico/,False,2,foto_ok | margen_estimado(35%_revisar) | precio_fuera_rango(8969) | stock_bajo(3) | cat_no_aspiracional(Accesorios)
010704018-T,Jabonera Botella Linea Schwarz,jabonera-botella-linea-schwarz,8798,3,Accesorios,https://victtorino.cl/wp-content/uploads/2026/03/jabonera-botella-linea-schwarz-victtorino-chile.webp,https://victtorino.cl/producto/jabonera-botella-linea-schwarz/,False,2,foto_ok | margen_estimado(35%_revisar) | precio_fuera_rango(8798) | stock_bajo(3) | cat_no_aspiracional(Accesorios)
030102002-T,Flexible Gas HI HI 3/8 1/2 100 cm,flexible-gas-hi-hi-3-8-1-2-100-cm,8337,3,Accesorios,https://victtorino.cl/wp-content/uploads/2026/03/Flexible-Gas-HI-HI-38-12-100-cm-1.webp,https://victtorino.cl/producto/flexible-gas-hi-hi-3-8-1-2-100-cm/,False,2,foto_ok | margen_estimado(35%_revisar) | precio_fuera_rango(8337) | stock_bajo(3) | cat_no_aspiracional(Accesorios)
010205003-T,Sifón de Botella Metálico Lavaplatos 1 1/4,sifon-de-botella-metalico-lavaplatos-1-1-4,8160,2,Accesorios,https://victtorino.cl/wp-content/uploads/2026/03/Sifon-de-Botella-Metalico-Lavaplatos-1-14-1.webp,https://victtorino.cl/producto/sifon-de-botella-metalico-lavaplatos-1-1-4/,False,2,foto_ok | margen_estimado(35%_revisar) | precio_fuera_rango(8160) | stock_bajo(2) | cat_no_aspiracional(Accesorios)
010301006-T,Escobilla Limpia Wc Acero Inoxidable,escobilla-limpia-wc-acero-inoxidable,7575,8,Accesorios,,https://victtorino.cl/producto/escobilla-limpia-wc-acero-inoxidable/,False,2,stock_ok(8) | margen_estimado(35%_revisar) | precio_fuera_rango(7575) | sin_foto | cat_no_aspiracional(Accesorios)
010702001-T,Papelero Pedal 3 L,papelero-pedal-3-l,7406,0,Accesorios,https://victtorino.cl/wp-content/uploads/2026/03/papelero-pedal-3-l-victtorino-chile.webp,https://victtorino.cl/producto/papelero-pedal-3-l/,False,2,BLOQUEADO_STOCK_0 | foto_ok | margen_estimado(35%_revisar) | precio_fuera_rango(7406) | stock_bajo(0) | cat_no_aspiracional(Accesorios)
010104002-T,Plato Ducha Redondo Abs 20 cm,plato-ducha-redondo-abs-20-cm-2,7004,3,Accesorios,https://victtorino.cl/wp-content/uploads/2026/03/plato-ducha-redondo-abs-20-cm-victtorino-chile.webp,https://victtorino.cl/producto/plato-ducha-redondo-abs-20-cm-2/,False,2,foto_ok | margen_estimado(35%_revisar) | precio_fuera_rango(7004) | stock_bajo(3) | cat_no_aspiracional(Accesorios)
010704006-T,Portavaso Inoxidable,portavaso-inoxidable,6825,0,Accesorios,https://victtorino.cl/wp-content/uploads/2026/03/portavaso-inoxidable-victtorino-chile.webp,https://victtorino.cl/producto/portavaso-inoxidable/,False,2,BLOQUEADO_STOCK_0 | foto_ok | margen_estimado(35%_revisar) | precio_fuera_rango(6825) | stock_bajo(0) | cat_no_aspiracional(Accesorios)
030101002-T,Flexible De Agua He-Hi 1/2 Con Llave Angular 35 cm,flexible-de-agua-he-hi-1-2-con-llave-angular-35-cm,6758,1,Accesorios,https://victtorino.cl/wp-content/uploads/2026/03/flexible-agua-he-hi-1-2-llave-angular-35-centimetros-victtorino-chile.webp,https://victtorino.cl/producto/flexible-de-agua-he-hi-1-2-con-llave-angular-35-cm/,False,2,foto_ok | margen_estimado(35%_revisar) | precio_fuera_rango(6758) | stock_bajo(1) | cat_no_aspiracional(Accesorios)
010602001-T,Desagüe Para Tina Con Tubo Y Campana De Rebalse 1 1/2,desague-para-tina-con-tubo-y-campana-de-rebalse-1-1-2,6728,3,Accesorios,https://victtorino.cl/wp-content/uploads/2026/03/desague-tina-1-1-2-rebalse-plastico-victtorino-chile.webp,https://victtorino.cl/producto/desague-para-tina-con-tubo-y-campana-de-rebalse-1-1-2/,False,2,foto_ok | margen_estimado(35%_revisar) | precio_fuera_rango(6728) | stock_bajo(3) | cat_no_aspiracional(Accesorios)
010301016-T,Valvula Descarga Dual Flush One Piece,valvula-descarga-dual-flush-one-piece,6690,0,Accesorios,https://victtorino.cl/wp-content/uploads/2026/03/Valvula-Descarga-Dual-Flush-One-Piece-1.webp,https://victtorino.cl/producto/valvula-descarga-dual-flush-one-piece/,False,2,BLOQUEADO_STOCK_0 | foto_ok | margen_estimado(35%_revisar) | precio_fuera_rango(6690) | stock_bajo(0) | cat_no_aspiracional(Accesorios)
010701011-T,Dispensador De Jabón Simple Mejorado 360 ml,dispensador-de-jabon-simple-mejorado-360-ml,6316,2,Dispensador,https://victtorino.cl/wp-content/uploads/2026/03/dispensador-jabon-simple-mejorado-360-ml-victtorino-chile.webp,https://victtorino.cl/producto/dispensador-de-jabon-simple-mejorado-360-ml/,False,2,foto_ok | margen_estimado(35%_revisar) | precio_fuera_rango(6316) | stock_bajo(2) | cat_no_aspiracional(Dispensador)
010101002-T,Flexible De Ducha Extensible,flexible-de-ducha-extensible,6220,1,Accesorios,https://victtorino.cl/wp-content/uploads/2026/03/flexible-ducha-extensible-185-cm-victtorino-chile.webp,https://victtorino.cl/producto/flexible-de-ducha-extensible/,False,2,foto_ok | margen_estimado(35%_revisar) | precio_fuera_rango(6220) | stock_bajo(1) | cat_no_aspiracional(Accesorios)
010704019-T,Porta Rollo Linea Schwarz,porta-rollo-linea-schwarz,6214,0,Accesorios,https://victtorino.cl/wp-content/uploads/2026/03/porta-rollo-linea-schwarz-victtorino-chile.webp,https://victtorino.cl/producto/porta-rollo-linea-schwarz/,False,2,BLOQUEADO_STOCK_0 | foto_ok | margen_estimado(35%_revisar) | precio_fuera_rango(6214) | stock_bajo(0) | cat_no_aspiracional(Accesorios)
010301010-T,Válvula De Carga Wc Con Flotador,valvula-de-carga-wc-con-flotador,6188,2,Accesorios,https://victtorino.cl/wp-content/uploads/2026/03/valvula-carga-wc-flotador-victtorino-chile.webp,https://victtorino.cl/producto/valvula-de-carga-wc-con-flotador/,False,2,foto_ok | margen_estimado(35%_revisar) | precio_fuera_rango(6188) | stock_bajo(2) | cat_no_aspiracional(Accesorios)
030102003-T,Flexible De Gas Hi-Hi 3/8 x 1/2 De 60 cm,flexible-de-gas-hi-hi-3-8-x-1-2-de-60-cm,6028,0,Accesorios,https://victtorino.cl/wp-content/uploads/2026/03/flexible-gas-hi-hi-3-8-1-2-60-cm-victtorino-chile.webp,https://victtorino.cl/producto/flexible-de-gas-hi-hi-3-8-x-1-2-de-60-cm/,False,2,BLOQUEADO_STOCK_0 | foto_ok | margen_estimado(35%_revisar) | precio_fuera_rango(6028) | stock_bajo(0) | cat_no_aspiracional(Accesorios)
010704004-T,Perchero Inoxidable,perchero-inoxidable,6020,1,Accesorios,https://victtorino.cl/wp-content/uploads/2026/03/Perchero-Inoxidable-1.webp,https://victtorino.cl/producto/perchero-inoxidable/,False,2,foto_ok | margen_estimado(35%_revisar) | precio_fuera_rango(6020) | stock_bajo(1) | cat_no_aspiracional(Accesorios)
010301009-T,Valvula Descarga Wc Flapper,valvula-descarga-wc-flapper,5912,4,Accesorios,https://victtorino.cl/wp-content/uploads/2026/03/valvula-descarga-wc-flapper-victtorino-chile.webp,https://victtorino.cl/producto/valvula-descarga-wc-flapper/,False,2,foto_ok | margen_estimado(35%_revisar) | precio_fuera_rango(5912) | stock_bajo(4) | cat_no_aspiracional(Accesorios)
210000990-T,Asiento Con Tapa Wc Eco Ovalada Blanco Blanco,asiento-con-tapa-wc-eco-ovalada-blanco-blanco,5719,8,Accesorios,,https://victtorino.cl/producto/asiento-con-tapa-wc-eco-ovalada-blanco-blanco/,False,2,stock_ok(8) | margen_estimado(35%_revisar) | precio_fuera_rango(5719) | sin_foto | cat_no_aspiracional(Accesorios)
010701010-T,Dispensador de Jabón Blanco Simple 500 cc,dispensador-de-jabon-blanco-simple-500-cc,5407,2,Dispensador,https://victtorino.cl/wp-content/uploads/2026/03/DISPENSADOR-JABON-SIMPLE-500-ML-1.webp,https://victtorino.cl/producto/dispensador-de-jabon-blanco-simple-500-cc/,False,2,foto_ok | margen_estimado(35%_revisar) | precio_fuera_rango(5407) | stock_bajo(2) | cat_no_aspiracional(Dispensador)
030101006-T,Flexible Agua HI HI 1/2 100 cm,flexible-agua-hi-hi-1-2-100-cm,5271,3,Accesorios,https://victtorino.cl/wp-content/uploads/2026/03/Flexible-Agua-HI-HI-12-100-cm-1.webp,https://victtorino.cl/producto/flexible-agua-hi-hi-1-2-100-cm/,False,2,foto_ok | margen_estimado(35%_revisar) | precio_fuera_rango(5271) | stock_bajo(3) | cat_no_aspiracional(Accesorios)
010301014-T,Válvula Carga Silenciosa Simple Wc,valvula-carga-silenciosa-simple-wc,5188,0,Accesorios,https://victtorino.cl/wp-content/uploads/2026/03/valvula-carga-silenciosa-simple-wc-victtorino-chile.webp,https://victtorino.cl/producto/valvula-carga-silenciosa-simple-wc/,False,2,BLOQUEADO_STOCK_0 | foto_ok | margen_estimado(35%_revisar) | precio_fuera_rango(5188) | stock_bajo(0) | cat_no_aspiracional(Accesorios)
030102002-K,Toalla de Papel Rollo 250 mt PACK 2 unidades,toalla-de-papel-rollo-250-mt-pack-2-unidades,5064,0,Accesorios,https://victtorino.cl/wp-content/uploads/2026/03/toalla-de-papel-rollo-250-mt-01.webp,https://victtorino.cl/producto/toalla-de-papel-rollo-250-mt-pack-2-unidades/,False,2,BLOQUEADO_STOCK_0 | foto_ok | margen_estimado(35%_revisar) | precio_fuera_rango(5064) | stock_bajo(0) | cat_no_aspiracional(Accesorios)
010103003-T,Brazo Ducha Al Muro 40 cm,brazo-ducha-al-muro-40-cm,5060,3,Accesorios,https://victtorino.cl/wp-content/uploads/2026/03/brazo-ducha-al-muro-40-cm-victtorino-chile.webp,https://victtorino.cl/producto/brazo-ducha-al-muro-40-cm/,False,2,foto_ok | margen_estimado(35%_revisar) | precio_fuera_rango(5060) | stock_bajo(3) | cat_no_aspiracional(Accesorios)
010101001-T,Mango De Ducha Premium 3 Funciones Conster,mango-de-ducha-premium-3-funciones-conster,4856,1,Accesorios,https://victtorino.cl/wp-content/uploads/2026/03/mango-ducha-conster-victtorino-chile.webp,https://victtorino.cl/producto/mango-de-ducha-premium-3-funciones-conster/,False,2,foto_ok | margen_estimado(35%_revisar) | precio_fuera_rango(4856) | stock_bajo(1) | cat_no_aspiracional(Accesorios)
010704002-T,Jabonera Colomba,jabonera-colomba,4454,1,Accesorios,https://victtorino.cl/wp-content/uploads/2026/03/Jabonera-Colomba-1.webp,https://victtorino.cl/producto/jabonera-colomba/,False,2,foto_ok | margen_estimado(35%_revisar) | precio_fuera_rango(4454) | stock_bajo(1) | cat_no_aspiracional(Accesorios)
010604005-T,Desagüe Con Sifón Corrugado,desague-con-sifon-corrugado,3990,0,Accesorios,https://victtorino.cl/wp-content/uploads/2026/03/set-de-desague-simple-para-lavaplatos-victtorino-chile-01.webp,https://victtorino.cl/producto/desague-con-sifon-corrugado/,False,2,BLOQUEADO_STOCK_0 | foto_ok | margen_estimado(35%_revisar) | precio_fuera_rango(3990) | stock_bajo(0) | cat_no_aspiracional(Accesorios)
010205004-T,Sifón De Lavamanos 1 1/2 x 1 1/4 Con Codo Plástico,sifon-de-lavamanos-1-1-2-x-1-1-4-con-codo-plastico,3933,1,Accesorios,https://victtorino.cl/wp-content/uploads/2026/03/sifon-lavatorio-1-1-2-1-1-4-codo-plastico-victtorino-chile.webp,https://victtorino.cl/producto/sifon-de-lavamanos-1-1-2-x-1-1-4-con-codo-plastico/,False,2,foto_ok | margen_estimado(35%_revisar) | precio_fuera_rango(3933) | stock_bajo(1) | cat_no_aspiracional(Accesorios)
010704005-T,Portavaso Colomba,portavaso-colomba,3909,0,Accesorios,https://victtorino.cl/wp-content/uploads/2026/03/Portavaso-Colomba-1.webp,https://victtorino.cl/producto/portavaso-colomba/,False,2,BLOQUEADO_STOCK_0 | foto_ok | margen_estimado(35%_revisar) | precio_fuera_rango(3909) | stock_bajo(0) | cat_no_aspiracional(Accesorios)
010701054-T,Porta Toallas Toallero de Manos Cromado,porta-toallas-toallero-de-manos-cromado,3909,1,Accesorios,https://victtorino.cl/wp-content/uploads/2026/03/PORTA-TOALLAS-TOALLERO-DE-MANOS-CROMADO-1.webp,https://victtorino.cl/producto/porta-toallas-toallero-de-manos-cromado/,False,2,foto_ok | margen_estimado(35%_revisar) | precio_fuera_rango(3909) | stock_bajo(1) | cat_no_aspiracional(Accesorios)
020203003-T,Sifón Lavaplatos 1 1/2 Salida Recta Plástico,sifon-lavaplatos-1-1-2-salida-recta-plastico,3483,0,Accesorios,https://victtorino.cl/wp-content/uploads/2026/03/Sifon-Lavaplatos-1-12-Salida-Recta-Plastico-1.webp,https://victtorino.cl/producto/sifon-lavaplatos-1-1-2-salida-recta-plastico/,False,2,BLOQUEADO_STOCK_0 | foto_ok | margen_estimado(35%_revisar) | precio_fuera_rango(3483) | stock_bajo(0) | cat_no_aspiracional(Accesorios)
020201002-T,Acople Lavaplatos Dobles,acople-lavaplatos-dobles,3474,0,Accesorios,https://victtorino.cl/wp-content/uploads/2026/03/acople-lavaplatos-dobles-victtorino-chile.webp,https://victtorino.cl/producto/acople-lavaplatos-dobles/,False,2,BLOQUEADO_STOCK_0 | foto_ok | margen_estimado(35%_revisar) | precio_fuera_rango(3474) | stock_bajo(0) | cat_no_aspiracional(Accesorios)
010301013-T,Botonera Dual Flush,botonera-dual-flush,3084,0,Accesorios,https://victtorino.cl/wp-content/uploads/2026/03/botonera-dual-flush-victtorino-chile.webp,https://victtorino.cl/producto/botonera-dual-flush/,False,2,BLOQUEADO_STOCK_0 | foto_ok | margen_estimado(35%_revisar) | precio_fuera_rango(3084) | stock_bajo(0) | cat_no_aspiracional(Accesorios)
030101007-T,Flexible Agua HI HE 1/2 50 cm,flexible-agua-hi-he-1-2-50-cm,3065,1,Accesorios,https://victtorino.cl/wp-content/uploads/2026/03/Flexible-Agua-HI-HI-12-50-cm-1.webp,https://victtorino.cl/producto/flexible-agua-hi-he-1-2-50-cm/,False,2,foto_ok | margen_estimado(35%_revisar) | precio_fuera_rango(3065) | stock_bajo(1) | cat_no_aspiracional(Accesorios)
030101003-T,Flexible Agua HE HI 1/2 50 cm,flexible-agua-he-hi-1-2-50-cm,2911,1,Accesorios,https://victtorino.cl/wp-content/uploads/2026/03/flexible-agua-he-hi-12-50-cm-victtorino-chile-01.webp,https://victtorino.cl/producto/flexible-agua-he-hi-1-2-50-cm/,False,2,foto_ok | margen_estimado(35%_revisar) | precio_fuera_rango(2911) | stock_bajo(1) | cat_no_aspiracional(Accesorios)
010101003-T,Flexible Ducha Swertt 160 cm,flexible-ducha-swertt-160-cm,2722,0,Accesorios,https://victtorino.cl/wp-content/uploads/2026/03/flexible-ducha-swertt-160-cm-victtorino-chile.webp,https://victtorino.cl/producto/flexible-ducha-swertt-160-cm/,False,2,BLOQUEADO_STOCK_0 | foto_ok | margen_estimado(35%_revisar) | precio_fuera_rango(2722) | stock_bajo(0) | cat_no_aspiracional(Accesorios)
030103002-T,Teflón 1/2,teflon-1-2,2641,0,Accesorios,https://victtorino.cl/wp-content/uploads/2026/03/Teflon-12-1.webp,https://victtorino.cl/producto/teflon-1-2/,False,2,BLOQUEADO_STOCK_0 | foto_ok | margen_estimado(35%_revisar) | precio_fuera_rango(2641) | stock_bajo(0) | cat_no_aspiracional(Accesorios)
030103001-T,Teflón 1,teflon-1,2641,0,Accesorios,https://victtorino.cl/wp-content/uploads/2026/03/Teflon-1-2.webp,https://victtorino.cl/producto/teflon-1/,False,2,BLOQUEADO_STOCK_0 | foto_ok | margen_estimado(35%_revisar) | precio_fuera_rango(2641) | stock_bajo(0) | cat_no_aspiracional(Accesorios)
010205005-T,Sifón De Lavamanos 1 1/4 Con Codo Plástico En Caja,sifon-de-lavamanos-1-1-4-con-codo-plastico-en-caja,2578,0,Accesorios,https://victtorino.cl/wp-content/uploads/2026/03/sifon-lavatorio-1-1-4-codo-plastico-caja-victtorino-chile.webp,https://victtorino.cl/producto/sifon-de-lavamanos-1-1-4-con-codo-plastico-en-caja/,False,2,BLOQUEADO_STOCK_0 | foto_ok | margen_estimado(35%_revisar) | precio_fuera_rango(2578) | stock_bajo(0) | cat_no_aspiracional(Accesorios)
010301005-T,Collarin Goma Wc,collarin-goma-wc,2566,1,Accesorios,https://victtorino.cl/wp-content/uploads/2026/03/collarin-goma-wc-victtorino-chile.webp,https://victtorino.cl/producto/collarin-goma-wc/,False,2,foto_ok | margen_estimado(35%_revisar) | precio_fuera_rango(2566) | stock_bajo(1) | cat_no_aspiracional(Accesorios)
030101051-T,Flexible Agua HE HI 1/2 35 cm,flexible-agua-he-hi-1-2-35-cm,2547,3,Accesorios,https://victtorino.cl/wp-content/uploads/2026/03/Flexible-Agua-HE-HI-12-35-cm-2.webp,https://victtorino.cl/producto/flexible-agua-he-hi-1-2-35-cm/,False,2,foto_ok | margen_estimado(35%_revisar) | precio_fuera_rango(2547) | stock_bajo(3) | cat_no_aspiracional(Accesorios)
010301002-T,Kit Fijaciones Estanque WC,kit-fijaciones-estanque-wc,2517,1,Accesorios,https://victtorino.cl/wp-content/uploads/2026/03/Kit-Fijaciones-Estanque-WC-1.webp,https://victtorino.cl/producto/kit-fijaciones-estanque-wc/,False,2,foto_ok | margen_estimado(35%_revisar) | precio_fuera_rango(2517) | stock_bajo(1) | cat_no_aspiracional(Accesorios)
010301001-T,Kit Anclaje WC,kit-anclaje-wc,1977,3,Accesorios,https://victtorino.cl/wp-content/uploads/2026/03/Kit-Anclaje-WC-1.webp,https://victtorino.cl/producto/kit-anclaje-wc/,False,2,foto_ok | margen_estimado(35%_revisar) | precio_fuera_rango(1977) | stock_bajo(3) | cat_no_aspiracional(Accesorios)
010604004-T,Desagüe Para Receptáculo Con Tapón De Goma 1 1/2,desague-para-receptaculo-con-tapon-de-goma-1-1-2,1925,0,Accesorios,https://victtorino.cl/wp-content/uploads/2026/03/desague-lavatorio-1-1-4-victtorino-chile.webp,https://victtorino.cl/producto/desague-para-receptaculo-con-tapon-de-goma-1-1-2/,False,2,BLOQUEADO_STOCK_0 | foto_ok | margen_estimado(35%_revisar) | precio_fuera_rango(1925) | stock_bajo(0) | cat_no_aspiracional(Accesorios)
010302009-T,Asiento Y Tapa Wc De Cierre Lento Blanca Modern,asiento-y-tapa-wc-de-cierre-lento-blanca-modern,19990,2,Accesorios,,https://victtorino.cl/producto/asiento-y-tapa-wc-de-cierre-lento-blanca-modern/,False,1,margen_estimado(35%_revisar) | precio_fuera_rango(19990) | stock_bajo(2) | sin_foto | cat_no_aspiracional(Accesorios)
010302008-T,Asiento Y Tapa De Wc Blanca Fuscher Cierre Lento,asiento-y-tapa-de-wc-blanca-fuscher-cierre-lento,12181,0,Accesorios,,https://victtorino.cl/producto/asiento-y-tapa-de-wc-blanca-fuscher-cierre-lento/,False,1,BLOQUEADO_STOCK_0 | margen_estimado(35%_revisar) | precio_fuera_rango(12181) | stock_bajo(0) | sin_foto | cat_no_aspiracional(Accesorios)
010302007-T,Asiento Y Tapa De Wc Blanca Colomba,asiento-y-tapa-de-wc-blanca-colomba,8486,0,Accesorios,,https://victtorino.cl/producto/asiento-y-tapa-de-wc-blanca-colomba/,False,1,BLOQUEADO_STOCK_0 | margen_estimado(35%_revisar) | precio_fuera_rango(8486) | stock_bajo(0) | sin_foto | cat_no_aspiracional(Accesorios)
010604003-T,Desague Sifón De 90 Mm Para Receptáculo,desague-sifon-de-90-mm-para-receptaculo,8014,3,Accesorios,,https://victtorino.cl/producto/desague-sifon-de-90-mm-para-receptaculo/,False,1,margen_estimado(35%_revisar) | precio_fuera_rango(8014) | stock_bajo(3) | sin_foto | cat_no_aspiracional(Accesorios)
,Instalación de Set Sanitario Completo,instalacion-de-set-sanitario-completo-3,0,0,Instalación LiLi,,https://victtorino.cl/producto/instalacion-de-set-sanitario-completo-3/,False,1,BLOQUEADO_STOCK_0 | margen_estimado(35%_revisar) | precio_fuera_rango(0) | stock_bajo(0) | sin_foto | cat_no_aspiracional(Instalación LiLi)
,Instalación y Armado de Vanitorio Aéreo,instalacion-y-armado-de-vanitorio-aereo-3,0,0,Instalación LiLi,,https://victtorino.cl/producto/instalacion-y-armado-de-vanitorio-aereo-3/,False,1,BLOQUEADO_STOCK_0 | margen_estimado(35%_revisar) | precio_fuera_rango(0) | stock_bajo(0) | sin_foto | cat_no_aspiracional(Instalación LiLi)
,Armado de Vanitorio de Pie,armado-de-vanitorio-de-pie-3,0,0,Instalación LiLi,,https://victtorino.cl/producto/armado-de-vanitorio-de-pie-3/,False,1,BLOQUEADO_STOCK_0 | margen_estimado(35%_revisar) | precio_fuera_rango(0) | stock_bajo(0) | sin_foto | cat_no_aspiracional(Instalación LiLi)
,Instalación de Barra de Apoyo para Baño,instalacion-de-barra-de-apoyo-para-bano-3,0,0,Instalación LiLi,,https://victtorino.cl/producto/instalacion-de-barra-de-apoyo-para-bano-3/,False,1,BLOQUEADO_STOCK_0 | margen_estimado(35%_revisar) | precio_fuera_rango(0) | stock_bajo(0) | sin_foto | cat_no_aspiracional(Instalación LiLi)
,Instalación de Espejo,instalacion-de-espejo-6,0,0,Instalación LiLi,,https://victtorino.cl/producto/instalacion-de-espejo-6/,False,1,BLOQUEADO_STOCK_0 | margen_estimado(35%_revisar) | precio_fuera_rango(0) | stock_bajo(0) | sin_foto | cat_no_aspiracional(Instalación LiLi)
,Instalación de Espejo,instalacion-de-espejo-5,0,0,Instalación LiLi,,https://victtorino.cl/producto/instalacion-de-espejo-5/,False,1,BLOQUEADO_STOCK_0 | margen_estimado(35%_revisar) | precio_fuera_rango(0) | stock_bajo(0) | sin_foto | cat_no_aspiracional(Instalación LiLi)
,Cambio de Sifón,cambio-de-sifon-3,0,0,Instalación LiLi,,https://victtorino.cl/producto/cambio-de-sifon-3/,False,1,BLOQUEADO_STOCK_0 | margen_estimado(35%_revisar) | precio_fuera_rango(0) | stock_bajo(0) | sin_foto | cat_no_aspiracional(Instalación LiLi)
,Instalación de Mámparas para Ducha,instalacion-de-mamparas-para-ducha-3,0,0,Instalación LiLi,,https://victtorino.cl/producto/instalacion-de-mamparas-para-ducha-3/,False,1,BLOQUEADO_STOCK_0 | margen_estimado(35%_revisar) | precio_fuera_rango(0) | stock_bajo(0) | sin_foto | cat_no_aspiracional(Instalación LiLi)
,Instalación de Lavamanos Bowl Sobreponer,instalacion-de-lavamanos-bowl-sobreponer-3,0,0,Instalación LiLi,,https://victtorino.cl/producto/instalacion-de-lavamanos-bowl-sobreponer-3/,False,1,BLOQUEADO_STOCK_0 | margen_estimado(35%_revisar) | precio_fuera_rango(0) | stock_bajo(0) | sin_foto | cat_no_aspiracional(Instalación LiLi)
,Instalación de Dispensador de Papel (1 unidad),instalacion-de-dispensador-de-papel-1-unidad-3,0,0,Instalación LiLi,,https://victtorino.cl/producto/instalacion-de-dispensador-de-papel-1-unidad-3/,False,1,BLOQUEADO_STOCK_0 | margen_estimado(35%_revisar) | precio_fuera_rango(0) | stock_bajo(0) | sin_foto | cat_no_aspiracional(Instalación LiLi)
,Instalación de Lavaplatos Empotrado,instalacion-de-lavaplatos-empotrado-3,0,0,Instalación LiLi,,https://victtorino.cl/producto/instalacion-de-lavaplatos-empotrado-3/,False,1,BLOQUEADO_STOCK_0 | margen_estimado(35%_revisar) | precio_fuera_rango(0) | stock_bajo(0) | sin_foto | cat_no_aspiracional(Instalación LiLi)
,Instalación de Griferías para Lavaplatos,instalacion-de-griferias-para-lavaplatos-3,0,0,Instalación LiLi,,https://victtorino.cl/producto/instalacion-de-griferias-para-lavaplatos-3/,False,1,BLOQUEADO_STOCK_0 | margen_estimado(35%_revisar) | precio_fuera_rango(0) | stock_bajo(0) | sin_foto | cat_no_aspiracional(Instalación LiLi)
,Instalación de Griferías para Ducha,instalacion-de-griferias-para-ducha-3,0,0,Instalación LiLi,,https://victtorino.cl/producto/instalacion-de-griferias-para-ducha-3/,False,1,BLOQUEADO_STOCK_0 | margen_estimado(35%_revisar) | precio_fuera_rango(0) | stock_bajo(0) | sin_foto | cat_no_aspiracional(Instalación LiLi)
,Instalación de Griferías para Lavamanos,instalacion-de-griferias-para-lavamanos-3,0,0,Instalación LiLi,,https://victtorino.cl/producto/instalacion-de-griferias-para-lavamanos-3/,False,1,BLOQUEADO_STOCK_0 | margen_estimado(35%_revisar) | precio_fuera_rango(0) | stock_bajo(0) | sin_foto | cat_no_aspiracional(Instalación LiLi)
